店铺ID,店铺名称,销售,收入,创建,发布
523621,江苏春雨教育集团有限公司,0,0,0,0
524121,郑州焕璟文化传媒有限公司,0,0,0,0
518382,东北书局,1941,1358.7,0,49
518381,河源市祝君好教育科技有限公司,6,4.2,0,0
168968,海浪书生,22.8,13.68,0,0
518061,梁山金大文化传媒有限公司,11090.54,7762.89,13,816
516850,阳光同学文化股份有限公司,0,0,0,0
516849,湖北省智慧源文化发展有限公司,210,160.66,0,19
516315,安徽庐阳书社图书有限公司,143,100.1,0,0
515889,黑龙江省知行书刊经销有限公司,60,42,0,0
516314,潍坊新奇点教育科技有限公司,0,0,0,0
514867,拾光树文化,9873.22,6936.36,9,905
514602,武汉思颖琪文化传播有限公司,541.2,501.52,2,22
514604,广西接班人教育科技有限公司,0,0,0,0
514605,合肥优视教育科技有限公司,136.8,111.69,0,0
514603,陕西明天教育科技发展有限公司,953.7,729.19,0,0
514606,河南理想图书发行有限公司,57.2,40.04,0,0
513170,阜阳市三味书屋教育科技有限公司,0,0,0,0
513172,沈阳刷考点教辅图书有限公司,1846.7,1292.69,0,2
512829,长沙学有成教育科技有限公司,0,0,0,0
513171,安徽迈进文化传播有限公司,196.4,137.48,0,0
512822,秒懂国际图书（北京）有限公司,0,0,0,0
512825,湖南华文出版传媒有限公司,138,96.6,0,0
511590,衡水天枢教育发展有限公司,3046.4,2179.73,0,0
511775,陕西文韬文化传媒有限公司,3552.8,2530.36,0,0
511294,河南晨轩文化科技有限公司,794,555.8,0,0
511284,长春玖典文化传媒有限公司,0,0,0,0
511770,保定益岸图书销售有限公司,9,6.3,0,0
511592,武汉市启越教育咨询有限公司,0,0,0,0
511593,天津东岛传媒科技有限公司,265.7,185.99,0,0
511776,驭书斋（天津）文化传播有限公司,379.6,265.72,0,0
511434,山东瓜二文化传媒有限公司,22,15.4,0,0
510374,河北行知文化传媒有限责任公司,40.8,28.56,0,0
507430,广州习阅文化传媒有限公司,1622.48,1135.73,0,0
507429,惠来县薪火科技有限公司,0,0,0,0
506294,慧课教育科技（广东）有限公司,54.8,38.36,0,0
905437,梁山高智传媒科技中心（个体工商户）,14793.38,10372.34,4,305
505620,湖南书虫教育科技有限公司,1836.06,1285.2,17,246
505618,盛世华阅文化传媒（北京）有限公司,1049.89,734.86,0,0
505017,河南写意年华教育科技有限公司,832.44,582.69,0,0
505619,上海云珏文化传播有限公司,0,0,0,0
503992,济宁长歌文化传媒有限公司,11619.53,8311.6,37,730
503080,福建人民出版社有限责任公司,263.6,184.52,0,0
504617,合肥三新教育科技有限公司,151.8,106.26,0,0
504622,江苏有为咨询有限公司,12,8.4,0,0
504623,山东开心图书有限公司,893.2,644.14,4,5
503076,聊城市开发区题酷网络科技服务中心,0,0,0,0
503079,郑州启明星书业有限公司,510.6,357.42,1,25
503077,河北兴园书刊有限公司,0,0,0,0
503078,武汉市好学途文化传媒有限公司,32.9,23.03,1,60
502866,四川云思路图书销售有限公司,0,0,0,0
502056,潍坊振发文化发展有限公司,2475.47,1757.33,17,115
501922,杭州盛世久顺文化发展有限公司,763.6,534.52,0,1
501752,安徽育甲优创教育科技有限公司,57,28.5,0,0
501417,西安尚墨文化传播有限公司,13.8,9.66,0,0
501751,昆明初莫文化传播有限公司,0,0,0,0
501571,河北鸿硕教育科技有有限公司,223.6,156.52,21,233
501237,兰州书志文化传播有限公司,69.6,48.72,0,0
501416,河南超图教育科技有限公司,0,0,0,0
501415,中数数字科技（山东）有限公司,118.8,59.4,0,0
501236,宁波涌济文化发展有限公司,2016.46,1422.67,0,0
501085,广东宾博文化传播有限公司,2,1.4,0,0
501234,安徽振乾文化传媒有限公司,41,38.85,0,0
500775,杭州润游图书有限公司,10,7,0,0
501086,四川省教育电子音像出版社有限公司,4,2.8,0,0
500774,上海汇熙文化传播有限公司,19,13.3,0,0
500779,河南王瑞教育科技有限公司,38.64,27.04,0,85
500772,重庆大学电子音像出版社有限公司,10.4,5.2,0,0
500769,山东状元桥文化传播有限公司,2,1.4,0,0
500768,北京一本通文化传媒有限公司,0,0,0,0
500746,北京清北华杰文化科技有限公司,0,0,0,0
500770,石家庄朗诚文化传媒有限公司,0,0,0,0
500745,深圳天骄文化传播有限公司,6444.28,4527.4,0,0
500744,唐山泓延文化传媒有限公司,4,2.8,0,0
800049,北京科学技术出版社有限公司,0,0,0,0
500743,西南大学出版社有限公司,6,4.2,0,0
500742,辽宁书林文化传播有限公司,0,0,0,0
500731,陕西奔跑加文化传播有限公司,432.8,319.76,0,0
500741,河南省雅润天宏文化传媒有限公司,0,0,0,0
500738,山西三重图书有限公司,0,0,0,0
500726,湖南老唐说题教育咨询有限公司,850.4,595.28,0,0
500717,山东甘一文化科技有限公司,0,0,0,0
500724,陕西智优文化传媒有限公司,135,94.5,0,0
800053,大连理工大学出版社有限公司,0,0,0,0
500722,江苏华阅万卷教育科技有限公司,534.2,373.94,0,0
500698,武汉智云优鸿科技有限公司,72.65,50.85,0,0
500709,山东普高文化教育有限公司,12.8,8.96,0,0
500696,山东面向未来图书销售有限公司,2749.87,1974.68,6,50
800011,宁波出版社有限公司,604.3,466.06,0,37
900000,长安学林文具用品经销部,317,221.9,0,107
500109,时代京版（北京）文化传播有限公司,63.2,44.24,0,0
500243,众相原创文化传播陕西有限公司,2119.2,1497.1,9,77
500546,众望益飞教育科技（北京）有限公司,4196.81,2937.76,92,763
500547,广州星达数码科技有限公司,192,134.4,0,0
500089,洛阳字里行间文化传播有限公司,236.1,462.95,0,0
500170,山东一得文化科技有限公司,300,221.2,0,32
500121,浙江金睿文化传媒有限公司,2464.6,1725.22,10,2124
500169,合肥市徽文文化传播有限公司,29,20.3,0,0
500228,辽宁考点文化图书有限公司,0,0,0,0
500168,梁山学易优文化传媒有限公司,269.4,188.58,0,0
500545,三圆文化传媒广州有限公司,14.3,10.01,0,0
500241,山东舵手网络科技有限公司,81,56.7,0,0
500167,河北鸿浩教育科技有限公司,17,11.9,0,0
500150,河南君德容文化传播有限公司,0,0,0,0
500692,素养导向北京教育科技有限公司,0,0,0,0
500586,阅盟教育科技（广东）有限公司,2,1.4,0,0
500126,师者教育科技（山东）有限公司,0,0,0,0
500123,中报二十一世纪（北京）传媒科技有限公司,0,0,0,0
500180,济南木叉教育科技有限公司,16,11.2,0,0
500122,淄博书通数字文化发展有限公司,206.7,144.69,0,0
500108,北京千锋互联科技有限公司,13.4,6.66,0,0
500110,洛阳燕川文化传播有限公司,0,0,0,0
500502,盛华轩文化发展（北京）有限公司,1.2,0.84,0,0
500153,聊城广源图书发行有限公司,0,0,0,0
500107,山西英雅特教育科技有限公司,0,0,0,0
500450,陕西泰杰超信科技有限公司,2,1,0,0
500695,阳谷天盛文化传媒有限公司,0,0,0,0
500152,武汉领跑文化科技有限公司,0,0,0,0
800009,青岛出版社有限公司,0,0,0,0
500127,山东泉之源文化传媒有限公司,0,0,0,0
500182,深圳益学教育科技有限公司,0,0,0,0
500601,河南爱智慧文化传播有限公司,0,0,0,0
500166,黑龙江金钥匙图书经销有限公司,0,0,0,0
500151,山东状元廊文化传媒有限公司,0,0,0,0
500119,合肥小思贸易有限公司,0,0,0,0
500594,青岛五车书教育咨询服务有限公司,0,0,0,0
500406,北京新华先锋出版科技有限公司,0,0,0,0
500600,山西百佳文化传播有限公司,0,0,0,0
500225,济南皓博图书有限公司,11.4,7.98,0,0
500183,山东孟儒文化传媒有限公司,16.8,11.76,0,0
800010,江苏凤凰电子音像出版社有限公司,194.4,97.2,0,0
500129,上海万瑞威尔文化创意有限公司,0,0,0,0
500149,河南小旗手图书销售有限公司,7.2,5.04,0,0
500148,郑州纳睿文化传播有限公司,0,0,0,0
500131,沈阳庠序书刊有限公司,0,0,0,0
500118,山东必赢教育科技有限公司,0,0,0,0
500631,杭州市滨江区祁绩培训学校,0,0,0,0
500181,河南松茂文化传播有限公司,0,0,0,0
500550,《语文报》社有限责任公司,0,0,0,0
500408,河北华冠图书有限公司,5812.22,4392.94,0,0
500410,湖北时代卓锦文化传媒有限公司,8476.06,5943.56,20,384
500269,梁山辉煌图书有限公司,1774.1,1241.86,0,53
500283,哈尔滨勤为径图书经销有限公司,8113.35,8719.62,27,161
500377,山东泰斗文化传播有限公司,3531.5,2532.94,0,0
500188,山东绿卡教育科技有限公司,2537.48,1268.74,0,0
500284,北京宏达一甲教育科技有限公司,450.2,315.09,0,0
500176,中山市思而优文化发展有限公司,1312.36,933.53,0,0
800000,文心出版社有限公司,1696,1346.26,55,55
500298,湖南天一文化发展有限公司,1004.19,765.82,5,47
500438,北京以凡文化传媒有限公司,649.5,482.83,4,54
500271,河北红对勾文化传播有限公司,3039.8,2127.85,0,0
500280,洛阳大爱图书有限公司,145,565.6,0,0
500266,南京新汇泽文化传播有限公司,233,162.8,0,0
500083,北京众创汇嘉文化传播有限公司,105.4,73.78,0,0
500592,河南木子文化传播有限公司,175.3,122.71,0,0
500361,四川昕昀文化传播有限公司,231.7,205.42,0,0
500358,武汉博大三六五文化传媒有限公司,31.2,21.84,0,0
500397,潍坊博雅图文制作有限公司,132,92.4,0,0
500374,河南思而行文化教育科技有限公司,0,0,0,0
500270,哈尔滨市朝之夕图书经销有限公司,5,3.5,0,0
500351,武汉奥赛王文化有限公司,266,186.2,0,0
500218,广西励民教育发展有限公司,0,0,0,0
500211,南京冠途文化传播有限公司,6,4.2,0,0
500100,山西瑾鹏教育科技发展有限公司,57,90.25,0,0
500391,四川华夏万卷文化传媒股份有限公司,14.95,10.46,0,0
800015,山东科学技术出版社有限公司,0,0,0,0
500395,河南洪文教育文化传播有限公司,353.4,247.38,7,350
500292,河南晨勤文化传媒有限公司,33,23.1,0,0
500388,高途教育科技集团有限公司,0,0,0,0
500084,天津择数文化传媒有限公司,0,0,0,0
800006,江西教育出版社有限责任公司,0,0,0,0
500353,陕西权度教育研究院有限公司,0,0,0,0
500585,华翰文化图书（广州）有限公司,0,0,0,0
500637,河南学思文化传播有限公司,11,7.7,0,0
500295,滨州稼和明文化传媒有限公司,0,0,0,0
500591,南京诺文文化传媒有限公司,0,0,0,0
500382,北京安丰文化有限公司,0,0,0,0
500290,西安华梦文创科技有限公司,0,0,0,0
500587,陕西中教创联文化发展有限公司,0,0,0,0
500366,北京鑫奥播教育科技有限公司,0,0,0,0
800014,天津科学技术出版社有限公司,0,0,0,0
500367,广东华考学业测评科技有限公司,0,0,0,0
500373,广东轻易考科技有限公司,0,0,0,0
500413,辽宁九章状元文化科技有限公司,0,0,0,0
500212,保定桃李源文化传播有限公司,0,0,0,0
500394,五好信息科技（济南）有限公司,0,0,0,0
500589,广州润德文化传播有限公司,0,0,0,0
500418,山东云墨文化有限公司,0,0,0,0
500588,山东传美图书文化有限公司,47.8,33.46,0,0
500635,杭州华恩教育科技有限公司,0,0,0,0
500634,淮安亮程文化传媒有限公司,0,0,0,0
500357,梁山县鸿福雁书苑有限责任公司,15.6,10.92,0,0
500350,潍坊学海文化传媒有限公司,6,4.2,0,0
500106,河南捷睿必达教育科技有限公司,11,7.7,0,0
800016,广州出版社有限公司,0,0,0,0
500375,阳谷县一诺书业有限公司,3,2.1,0,0
500273,金华春国教育科技有限公司,0,0,0,0
500402,北京华企之星科技发展中心,0,0,0,0
500421,陕西龙飞虎腾文化有限公司,0,0,0,0
900003,隆尧县新华路龙之阁书城,0,0,0,0
500387,陕西志立文化发展有限公司,4,2.8,0,0
500380,西安广龙文化传播有限责任公司,0,0,0,0
500355,邯郸市集域文化传播有限公司,0,0,0,0
500278,菏泽云睦图书有限公司,0,0,0,0
500403,立学立德河北教育科技有限公司,0,0,0,0
500647,北京沧浪文化发展有限公司,0,0,0,0
500643,新乡市书阶文化传媒有限公司,0,0,0,0
500661,江苏壹学知道文化传媒有限公司,7482.42,5943.14,0,0
500309,武汉睿芯教育科技有限公司,1911.4,1359.29,0,0
500323,浙江良品图书有限公司,1466.6,1026.62,0,0
500356,北京龙腾八方文化有限责任公司,872.6,436.3,0,0
500163,大连众里文化发展有限公司,336.2,1218.67,0,0
800020,武汉华大鸿图文化发展有限责任公司,1631,1633.56,8,30
500175,山东国中教育科技有限公司,425.61,336.95,0,0
500645,山东世纪育才文化传媒有限公司,174,158.2,0,0
500644,广东文晖文化传播有限公司,424.9,297.43,24,58
500630,陕西昊天图书发行有限公司,115.8,244.51,0,0
500362,成都林鸿创客图书有限公司,109.2,76.44,0,0
800022,华语教学出版社有限责任公司,31,15.5,0,0
500369,湖南汇星源文化传播有限公司,49,51.63,0,0
500261,山东正禾大教育科技有限公司,15889.26,11342.03,2,778
500179,洛阳朝霞文化股份有限公司,10232.32,7403.91,6,134
500312,江苏通典文化传媒集团有限公司,5924.48,4163.2,0,0
500232,洛阳品学文化传播有限公司,3723.7,5089.05,0,0
500299,山东众旺汇金教育科技有限公司,3762.54,2644.97,0,0
500318,湖北盈未来教育科技有限公司,8239,4130.24,0,0
500189,陕西炼书客图书策划有限公司,3333.08,90077.52,0,0
500629,山东荣景教育科技股份有限公司,4829.62,3445.79,0,0
500660,洛阳可馨文化传播有限公司,1492,1285.2,0,0
500352,成都合力敬成实业有限公司,56.8,39.76,0,0
500210,河北斗米文化传媒有限公司,4123.6,2938.14,1,36
800025,长江少年儿童出版社(集团)有限公司,16.8,11.76,0,0
500656,洛阳芸熙文化传媒有限公司,1670.9,1285.83,0,0
500330,河南鹤翔图书有限公司,2568,2975.7,46,1371
500633,广州教与学文化发展有限公司,927,370.8,0,0
500478,湖北猎豹教育科技有限公司,394,287.71,0,0
500617,理想众望教育科技（北京）有限公司,585.12,409.58,0,0
500602,洛阳云鹏文化传媒有限公司,52.2,36.54,0,0
500336,山东海之星图书有限公司,4,99.93,0,0
500224,北京众和永泰文化传播有限公司,407.4,313.36,21,278
500609,呼和浩特市经纬方舟文化传播有限公司,480.4,336.28,0,0
500314,长沙零起点文化传播有限公司,422.04,309.77,0,0
500229,幼狮文化创意（山东）有限公司,150.8,105.56,0,0
500209,北京成大文教科技有限公司,59.2,41.44,0,0
500164,太原四季文化图书有限公司,1167.41,847.65,0,4
500622,库课文化科技股份有限公司,31.2,21.84,0,0
650349,中学生数理化高中版编辑部,114.4,75.09,4,61
500590,深圳启睿文化传播有限公司,28.4,19.87,0,0
500333,山西臻蜀渊图书有限公司,101,70.7,0,0
500596,山西智想文化发展有限公司,806.8,564.76,0,0
500202,河南领扬文化传播有限公司,37.2,26.04,0,0
500620,北京青桐鸣文化发展有限公司,0,0,0,0
500258,陕西翰文图书精典发行有限公司,13.7,9.59,0,0
800018,苏州大学出版社有限公司,165.2,115.64,0,0
500597,广州书友图书有限公司,0,0,0,0
500618,河南智熊文化科技有限公司,32,22.4,0,0
500344,山东得佑图书发行有限公司,0.5,0.35,0,0
500223,山东诸子百家文化传媒有限公司,6,4.2,0,0
500328,北京云画星空文化传媒有限公司,0,21.88,0,0
500324,湖北先锋文化传媒有限公司,14,9.8,0,0
500639,山东聊城润学书业有限公司,18,12.6,0,0
500626,四川悟行高远教育科技有限公司,448.3,313.81,5,50
500614,武汉荷尖尖图书有限公司,7,4.9,0,0
500307,内蒙古京北贸易有限公司,10,7,0,0
500605,陕西书悦文化传播有限公司,0,0,0,0
500255,山东新坐标书业有限公司,0,0,0,0
500632,湖北华育文化发展有限公司,0,0,0,0
500654,北京时代新文达教育科技有限公司,0,0,0,0
500231,新乡市科艺图书有限公司,1,0.7,0,0
500316,武汉众帮文化传播有限公司,13,9.1,0,0
500595,陕西励志图书文化传播有限公司,0,0,0,0
500636,河南省鑫文轩文化发展有限公司,190.4,133.28,0,0
500335,河南长风教育科技有限公司,4,2.8,0,0
500359,合肥九州睿达文化发展有限公司,109,76.3,2,12
800021,漓江出版社有限公司,0,0,0,0
500615,陕西书雅图书文化传媒有限公司,0,0,0,0
500222,淄博衡石文化传播有限公司,0,0,0,0
500611,湖北阅泽优文化传媒有限公司,0,0,0,0
500642,许昌若比邻文化传播有限公司,0,0,0,0
500282,河南省新优学教育科技有限公司,0,0,0,0
500322,山东科速文化传播有限公司,4,2.8,0,0
500346,梁山蓝舟文化传媒有限公司,0,0,0,0
500619,武汉锦绣三江传媒有限公司,0,0,0,0
500659,悦读名品文化传媒（北京）有限公司,1.5,1.05,0,0
500354,安徽中科云楚教育科技有限公司,1,0.5,0,0
500265,河北众合创亿文化传媒有限公司,0,0,0,0
500230,时代天宇国际文化传媒（北京）有限公司,0,0,0,0
500593,北京昌昱春博大文化有限公司,2,1.4,0,0
500607,湖南学而优文化传播有限公司,0,0,0,0
800019,长江文艺出版社有限公司,5,2.5,0,0
500338,湖北梦之组文化传播有限公司,0,0,0,0
500326,湖南省新华书店有限责任公司,0,0,0,0
500186,北京时代华畅文化有限公司,0,0,0,0
500264,河南学伴文化传播有限公司,0,0,0,0
500321,郑州邦尔学文化传媒有限公司,9,6.3,0,0
500662,陕西新联文化教育有限公司,0,0,0,0
500612,山东海知源文化传媒有限公司,0,0,0,0
500569,山东梁山世纪儒源文化传媒有限公司,0,0,0,0
500256,河南华炳焱文化传媒有限公司,0,0,0,0
500301,北京三爱创新教育科技中心,0,0,0,0
800024,时代新媒体出版社有限责任公司,0,0,0,0
501921,郑州众轩图书有限公司,0,0,0,0
500682,世界图书出版上海有限公司,0,0,0,0
500678,北京鸿状元文化传媒有限公司,0,0,0,0
500670,江西卓众文化发展有限公司,0,0,0,0
500608,河南欢颜文化传媒有限公司,2845.8,1722.33,13,297
800023,中国广播影视出版社有限公司,0,0,0,0
500680,北京汇众博源教育科技有限公司,0,0,0,0
500679,山东多乐多教育科技有限公司,0,0,0,0
500676,北京牧野春晖图书有限公司,0,0,0,0
500677,北京思状科技发展有限公司,0,0,0,0
500467,湖南教育报刊社《初中生》编辑部,0,0,0,0
500624,福建漂读网络科技有限公司,0,0,0,0
500286,湖南佩佩教育科技有限公司,0,0,0,0
500208,洛阳贵海图书有限公司,0,0,0,0
500613,陕西经纬图书报刊发行有限公司,0,0,0,0
500274,河南突唯文化传播有限公司,0,0,0,0
500263,河南功书文化传播有限公司,0,0,0,0
800017,文化发展出版社有限公司,0,0,0,0
500658,山东书品文化传媒有限公司,0,0,0,0
500604,扬帆之星（北京）文化传媒有限责任公司,0,0,0,0
500293,郑州海豚图书有限公司,0,0,0,0
500648,河南北之星图书有限公司,3,2.1,0,0
900004,西安市新城区图图释道书店,0,0,0,0
500657,说词解字（北京）文化有限公司,0,0,0,0
500279,河南天疆教育科技有限公司,0,0,0,0
500603,河北领恒图书销售有限公司,0,0,0,0
500305,河南典学文化传播有限公司,0,0,0,0
500348,湖南森利鑫文化传播有限公司,0,0,0,0
500681,山东太学教育科技有限公司,0,0,0,0
500675,北方国家版权交易中心有限公司,0,0,0,0
500671,洛阳墨韵文化传媒有限公司,0,0,0,0
500341,湖北快乐导航文化传播有限公司,0,0,0,0
900005,南京市玄武区书生教育信息咨询工作室,4473.88,3682.08,19,431
500447,北京五洲时代天华文化传媒有限公司,2975.92,2083.12,0,0
800030,北方联合出版传媒（集团）股份有限公司分公司,2918.9,2807.11,44,239
500480,陕西助力文化传媒有限公司,317.8,222.46,0,0
500184,金华市合创展教育图书有限公司,174.5,122.15,0,0
500426,湖北瀚海书航文化传媒有限公司,992,694.4,0,0
500494,山东学缘教育图书有限公司,475.4,332.78,0,0
500535,北京知行健教育咨询有限公司,218.5,494.2,0,0
500431,山东瀚海文苑传媒有限公司,309.4,216.58,0,0
500528,北京伯乐马文化发展中心,197.8,138.46,0,0
500540,安徽大图文化传播有限公司,40,108.15,0,0
500429,成都景中教育软件有限公司,160,112,0,0
500433,河北敬文图书有限公司,174.8,122.36,0,0
500386,华版（北京）文化有限公司,156.6,109.62,0,0
800026,北京世纪东方科技发展有限公司,522.7,365.64,0,0
500484,河南酷特文化传媒有限公司,2,1.4,0,0
500233,武汉华简书业有限公司,3,1.5,0,0
500579,潍坊神龙图书发行有限公司,779,545.3,0,0
500519,伊宁市格邦托管服务有限公司,0,0,0,0
500435,沈阳市驰翔书刊有限公司,0,0,0,0
500573,山东接力教育集团有限公司,5063.28,3560.73,0,0
500285,山东一帆融媒教育科技有限公司,9895.98,7141.35,0,0
500505,湖北千里万卷教育科技有限责任公司,1498.1,1153.25,0,0
500272,山东中辰文化传媒有限公司,2372.04,3473.42,0,5
500415,山东一本图书有限公司,5448.12,8637.4,16,666
500187,荆州市南宇图书有限公司,1679.6,2598.82,0,0
500514,河北考源书业有限公司,1321.9,935.84,0,0
500576,郑州培优教育图书发行有限公司,1605.7,2733.77,0,0
500389,河北万卷文化有限公司,2575.3,2913.96,0,0
500482,山东仁心齐教育科技有限公司,1015.2,710.58,0,0
500177,河北志东图书有限公司,1331.9,1102.78,19,1077
500442,梁山鑫宇文化传媒有限公司,739.4,612.43,0,0
500214,四川多能教育书业有限公司,3030.4,1648.58,8,156
500201,河南鼎成教育科技有限公司,1037.52,534.86,23,209
500288,滨州市众邦图书有限公司,639.66,461.06,3,17
500500,山东正大图书有限公司,4213.26,3229.62,0,0
500440,山东优易练图书有限公司,797.32,557.89,0,0
500416,南京考优文化传播有限公司,445,363.13,2,18
500277,梁山智源数字化科技有限公司,236,178.5,0,0
500527,万向思维国际教育科技集团（西安）股份有限公司,37.6,26.32,0,0
800031,吉林教育出版社有限责任公司,256.6,179.62,0,0
500412,河南青橙教育科技有限公司,22.8,773.36,0,0
500259,河南昕金立文化传媒有限公司,1093.1,765.17,0,0
500520,山东步步维赢文化传媒有限公司,114,236.25,22,220
500483,湖北浩然盛锦文化传媒有限公司,3,2.1,0,0
500583,梁山博圣图书有限公司,249,174.3,0,0
500465,太原市后土文化传媒有限公司,25,17.5,0,0
500452,合肥亚泰嘉和文化传播有限公司,315.3,220.71,2,17
500509,河北启光教育科技有限公司,37.8,64.61,0,0
500582,志恒文化传媒（北京）有限公司,57,39.9,0,0
500423,山西晋一教育科技有限公司,22.1,29.65,0,0
500574,山东义博海越文化传媒有限公司,0,0,0,0
500530,北京点石新语文文化发展有限公司,46.1,32.27,0,0
500506,广州速进文化发展有限公司,12,8.4,0,0
900001,肃宁县东信教育书店,0,0,0,0
500203,四川汇合明聚教育科技有限公司,10,48.4,0,0
500517,郑州瀚海文化传播有限公司,21,14.7,0,0
500281,湖北远成文化传播有限公司,7.8,5.46,0,0
500552,滨州儒乾文化传媒有限公司,35,24.5,0,0
500443,云南孝全文化传播有限公司,0,0,0,0
500247,山东毫末教育科技有限公司,8,5.6,0,0
500220,北京良石嘉业文化发展有限公司,7,4.9,0,0
500260,北京元申教育科技有限公司,20.3,8.12,0,0
500577,《英语周报》社有限公司,6,3,0,0
500449,吉林梓耕教育科技股份有限公司,2,1,0,0
800028,山东教育出版社有限公司,0,0,0,0
500674,上海天禾图书有限公司,1,0.7,0,0
500384,梁山儒舟文化传媒有限公司,2,1.4,0,0
500492,智品天下图书（北京）有限公司,0,0,0,0
500437,四川百鸣教育科技有限公司,9,6.3,0,0
500252,湖北大鑫文化传媒有限公司,0,0,0,0
500503,河南金书文化传播有限公司,0,0,0,0
500472,深圳泰微课教育科技有限公司,0,0,0,0
500427,长春市天源图书有限责任公司,25,17.5,0,0
500581,四川省万树文化传播有限公司,0,0,0,0
800029,湖南教育音像电子出版社有限责任公司,3,1.5,0,0
500529,北京市育学林教育技术有限公司,6,3,0,0
500638,北京润学漫华文化传播有限公司,11.7,8.19,0,0
500460,河南三之三教育科技有限公司,0,0,0,0
500496,南京师文教育咨询中心,0,0,0,0
800027,长春东北师范大学出版社有限责任公司,9.6,6.72,0,0
500405,山西文海泉文化传播有限公司,0,0,0,0
500428,山东文泉文化传媒有限公司,0,0,0,0
500448,山西圣典华章文化传媒有限公司,0,0,0,0
500385,杭州蓝鲸图书有限公司,0,0,0,0
500522,山东沐彤教育科技有限公司,0.5,0.35,0,0
500580,河南宣雨教育图书有限公司,185.4,92.7,0,0
500516,山西华海浩宇文化传播有限公司,0,0,0,0
500401,江苏文泉图书文化有限公司,0,0,0,0
500383,河北文博教育科技集团有限公司,0,0,0,0
500445,太原市亿典教育科技有限公司,0,0,0,0
500556,山东慧林文化传媒有限公司,0,0,0,0
500337,河南硕源教育咨询有限公司,0,0,0,0
500474,安阳市超世通文化传媒有限公司,0,0,0,0
500364,哈尔滨多森文化传播有限公司,0,0,0,0
500524,北京思齐弘天文化发展有限公司,0,0,0,0
500424,陕西时代盛秦图书有限责任公司,0,0,0,0
500564,梁山华维科技文化发展有限公司,0,0,0,0
500213,重庆课堂内外杂志社出版有限公司,0,0,0,0
500672,崇文书局有限公司,0,0,0,0
500554,分之道教育网络科技有限公司,0,0,0,0
500665,黑龙江德亚文化传媒有限公司,0,0,0,0
500653,河南九铭文教图书发行有限公司,0,0,0,0
500652,武汉华师师源图书有限公司,0,0,0,0
500487,河南文友图书发行有限公司,0,0,0,0
500257,北京王后雄教育科技有限公司,0,0,0,0
500521,四川精志愿教育科技有限公司,0,0,0,0
500655,微课时代（北京）文化传媒有限公司,0,0,0,0
500666,宿迁市宿城区巨鼎教育培训中心有限公司,0,0,0,0
500640,振坤翰苑（北京）图书有限公司,0,0,0,0
500641,无锡市博才培训中心有限公司,0,0,0,0
500575,百年育才（北京）教育咨询集团股份有限公司,0,0,0,0
500455,新疆星润文化传媒有限公司,0,0,0,0
500584,徐州主合教育科技有限公司,0,0,0,0
500669,山东盛博苑图书有限公司,0,0,0,0
500339,山东鼎鑫书业有限公司,18866.88,14158.13,155,3477
500162,郑州荣恒图书发行有限公司,15550.98,11441.18,112,1333
500161,西安玖典文创科技有限公司,575.94,457.89,0,0
500313,山东瀚海书韵教育科技有限公司,869.2,620.15,0,0
500345,广州翰庭文化传媒有限公司,391.1,273.77,0,0
500297,河南文轩文化传播有限公司,294.4,206.08,0,0
500254,成都康达书业有限公司,30.2,35.15,0,0
500372,广州百试乐文化教育有限公司,22,15.4,0,0
500393,湖北海韵文化传媒有限公司,2,1.4,0,0
500425,昆明书屯文化传播有限公司,5.4,3.78,0,0
500694,重庆智琅图书有限公司两江新区分公司,144,100.8,0,0
500302,河北艾玛文化发展有限公司,23.2,16.24,0,0
500320,梁山县文轩图书有限公司,0,220.33,0,0
500368,武汉乐学天成文化传播有限公司,0,0,0,0
500319,山东志鸿超仁图书有限公司,0,0,0,0
500262,广东易杰教育研究有限公司,5,3.5,0,0
500315,山东学苑文化传媒有限责任公司,0,0,0,0
500172,陕西灰犀牛图书策划有限公司,7446.4,5698.67,0,0
500376,江西宇恒文化发展有限公司,5848.27,4093.78,35,234
500173,河北金卷教育科技有限公司,9075.1,6655.5,30,363
500379,南京经纶文化传媒有限公司,3990.56,2819.29,0,0
500409,湖北世纪国华文化传播有限公司,1113.98,792.55,0,0
500343,山东佰鸿壹铭教育科技有限公司,598.1,418.67,0,0
500370,江西铭文文化发展有限公司,2041.96,1441.45,3,15
500490,《数理报》社有限公司,3628.08,1814,0,0
500304,洛阳九歌文化传播有限公司,2859.22,2028.58,0,0
500649,梁山启智教育图书有限公司,1346.62,942.63,0,0
500365,天津市恒真文化发展有限公司,1120.6,815.92,0,0
500526,山东先德睿图书有限公司,834,583.8,0,0
500317,湖北稳派教育科技有限公司,634,631.4,0,0
500363,合肥皖智教育科技集团有限公司,236.2,206.29,0,0
500327,河南清北之道教育研究院有限公司,180.4,405.41,0,0
500454,湖北金色花开文化有限公司,71.2,49.82,0,0
500300,山东名师文化传媒有限公司,206.4,144.48,0,0
500334,山西唐文文化发展有限公司,793.74,555.58,1,23
500390,河北优盛文化传播有限公司,21,14.7,0,0
500332,北京金海豚教育科技有限公司,151.1,331.87,0,0
800032,京版北教文化传媒股份有限公司,40.2,43.19,0,0
500525,威海天梯图书有限公司,102.2,84.14,0,0
500453,福州学熙文化传媒有限公司,18,12.6,0,0
500329,河北知灼图书销售有限公司,480.9,336.63,0,0
500360,河南智评教育科技有限公司,136,95.2,0,10
500451,山东滨州教与学图书有限公司,7,4.9,0,0
500417,北京组合教育科技有限公司,0,0,0,0
500434,山东智慧翔文化传媒有限公司,0,0,0,0
500325,广州领航教育科技有限公司,0,0,0,0
500400,南昌博智文化传播有限公司,8,5.6,0,0
500628,北京引航者教育咨询有限公司,0,0,0,0
500441,陕西巨微图书文化传播有限公司,224.6,112.3,3,20
500414,河南世纪天成文化发展有限公司,0,0,0,0
500432,南京智业天成文化传播有限公司,0,0,0,0
500381,广州逆袭教育科技服务有限公司,0,0,0,0
500291,文科创新（北京）教育科技有限公司,0,0,0,0
500396,河北动力林图书贸易有限公司,0,0,0,0
500458,湖南高中生杂志社有限责任公司,0,0,0,0
500310,辽宁教育周报出版有限公司,0,0,0,0
500459,安徽优知教育咨询有限公司,0,0,0,0
500308,山东学智文化传媒有限公司,0,0,0,0
500650,陕西紫腾山文化传媒有限公司,0,0,0,0
500625,陕西腾跃教育科技有限公司,0,0,0,0
500420,天津升学易徐师教育咨询中心,0,0,0,0
500436,北京明师国际教育科技有限公司,0,0,0,0
500340,北京龙凤传承国际教育科技有限公司,0,0,0,0
500664,佳木斯市助力电子商务有限公司,0,0,0,0
500566,山东金榜苑文化传媒有限责任公司,14270.81,9988.93,0,0
500553,山东中联翰元教育科技有限公司,2862.6,1431.3,71,801
500174,山东强联文化传媒有限公司,565.4,962.58,0,0
500489,山东本真图书有限公司,412.5,792.58,0,0
500253,郑州天勤图书有限责任公司,1416.5,1050,0,0
800001,新蕾出版社（天津）有限公司,0,0,0,0
500531,河北三品图书有限公司,3,2.1,0,0
500501,泽尚阳光北京教育科技有限公司,9,6.3,0,0
500495,正定思立方文化传播有限公司,0,0,0,0
500491,北京金榜园教育科技有限公司,0,0,0,0
800008,浙江摄影出版社有限公司,0,0,0,0
500407,成都全德文化传播有限公司,0,0,0,0
500541,山东金考案教育科技有限公司,0,0,0,0
500508,济南东和文化科技有限公司,0,0,0,0
500251,北京京体大文化发展有限公司,0,0,0,0
500567,包头市绿叶风科教文化有限公司,0,0,0,0
500683,贵州用心育才教育信息咨询有限公司,0,0,0,0
500565,北京天才推手教育科技有限公司,0,0,0,0
500507,山东育博苑文化传媒有限公司,11399.18,8449.59,132,1444
500538,安徽木牍教育图书有限公司,7011.68,4926.37,23,867
500572,山东金太阳教育集团有限公司,1893.6,1345.3,0,0
500479,山东智乐星教育科技股份有限公司,1080.2,775.92,0,0
500499,湖北智慧万羽文化传媒有限公司,3022.14,2115.49,0,0
500570,山东百川数字科技有限公司,218.1,109.05,0,0
500464,山东文丰苑图书有限公司,1027.1,718.97,0,0
500488,山东旭阳教育科技有限公司,117.8,82.46,0,0
500536,太原市晋文源图书有限公司,0,0,0,0
500504,一川教育,19.9,13.93,0,0
500473,北京明信弘德文化发展有限公司,0,0,0,0
500534,北京时代圣哲教育科技有限公司,1880.5,1326.6,5,162
500311,南京缘溪行文化传播有限公司,0,0,0,0
500468,广州思脉图书发行有限公司,0,0,0,0
500185,保定市三合图书销售有限公司,0,0,0,0
500469,黑龙江学与考教育信息咨询有限公司,0,0,0,0
500560,河北华翰书业有限公司,2,1,0,0
500512,北京阅来阅好图书有限公司,0,0,0,0
500558,连云港翰秦信息技术有限公司,0,0,0,0
500462,武汉沃德丰教育科技有限公司,2,1.4,0,0
500557,广州卓品文化传播有限公司,0,0,0,0
500476,晋中市乐学文化咨询有限责任公司,0,0,0,0
500511,忻州市青果教育咨询有限公司,0,0,0,0
500461,北京志高行远教育科技有限公司,0,0,0,0
800033,浙江大学出版社有限责任公司,0,0,0,0
500555,贵州艺和教联文化有限公司,0,0,0,0
500548,北京书诚汇发文化发展有限公司,0,0,0,0
500481,西安九宗数码科技有限公司,0,0,0,0
500470,福清智高点教育培训学校有限公司,0,0,0,0
500498,河北天智达图书有限公司,0,0,0,0
500533,《学习报》社有限责任公司,0,0,0,0
500510,北京历说教育科技有限公司,0,0,0,0
500493,中视天之聪教育科技（北京）有限公司,0,0,0,0
500551,河南开祥文化传播有限公司,0,0,0,0
500133,重庆亚太图书出版发行有限公司,0,0,0,0
519731,鑫拓（广州）科技有限公司,1109.2,776.44,8,215
520221,梁山见山文化传播中心,5502.2,3851.54,44,2427
520991,郑州载望图书有限公司,143.8,100.66,0,0
520676,广州市昭阳博悦文化传播有限公司,1943.1,1360.17,49,1058
520482,云南自有文化传播有限公司,126,88.2,0,0
520481,武汉鑫南泓文化传媒有限公司,1339.04,937.31,21,102
521916,淄博汇智图书有限公司,294.2,225.19,0,0
522276,北京先知时代文化中心,0,0,0,0
