店铺ID,店铺名称,2024年1月,2024年2月,2024年3月,2024年4月,2024年5月,2024年6月,2024年7月,2024年8月,2024年9月,2024年10月,2024年11月,2024年12月,2025年1月,2025年2月,2025年3月,2025年4月,2025年5月,2025年6月,2025年7月,2025年8月,2025年9月,2025年10月,2025年11月,2025年12月,2026年1月,2026年2月,2026年3月,2026年4月,2026年5月,,,,,,,,,,,,,,,,,,,,,,,,,,,,
518382,东北书局,0,0,0,0,0,0,0,0,0,0,0,0,0,0,0,0,0,0,0,0,0,0,0,0,0,0,191,2478.92,3448.5,,,,,,,,,,,,,,,,,,,,,,,,,,,,
518381,河源市祝君好教育科技有限公司,0,0,0,0,0,0,0,0,0,0,0,0,0,0,0,0,0,0,0,0,0,0,0,0,0,99.6,18,0,0,,,,,,,,,,,,,,,,,,,,,,,,,,,,
168968,海浪书生,0,0,0,0,0,0,0,0,0,0,0,0,0,0,0,0,0,0,0,0,0,0,0,0,0,21.8,8,19.2,19.2,,,,,,,,,,,,,,,,,,,,,,,,,,,,
518061,梁山金大文化传媒有限公司,0,0,0,0,0,0,0,0,0,0,0,0,0,0,0,0,0,0,0,0,0,0,0,0,440.6,2297.2,6694,5482.44,5215.5,,,,,,,,,,,,,,,,,,,,,,,,,,,,
516850,阳光同学文化股份有限公司,0,0,0,0,0,0,0,0,0,0,0,0,0,0,0,0,0,0,0,0,0,0,0,0,0,0,0,0,0,,,,,,,,,,,,,,,,,,,,,,,,,,,,
516849,湖北省智慧源文化发展有限公司,0,0,0,0,0,0,0,0,0,0,0,0,0,0,0,0,0,0,0,0,0,0,0,40,80,123,30,82.5,238,,,,,,,,,,,,,,,,,,,,,,,,,,,,
516315,安徽庐阳书社图书有限公司,0,0,0,0,0,0,0,0,0,0,0,0,0,0,0,0,0,0,0,0,0,0,0,37,1749.6,2337,2083.6,1049.8,1085.2,,,,,,,,,,,,,,,,,,,,,,,,,,,,
515889,黑龙江省知行书刊经销有限公司,0,0,0,0,0,0,0,0,0,0,0,0,0,0,0,0,0,0,0,0,0,0,0,1401.5,1244,802,486,203,58,,,,,,,,,,,,,,,,,,,,,,,,,,,,
516314,潍坊新奇点教育科技有限公司,0,0,0,0,0,0,0,0,0,0,0,0,0,0,0,0,0,0,0,0,0,0,0,924.1,376.2,27,72,18,0,,,,,,,,,,,,,,,,,,,,,,,,,,,,
514867,拾光树文化,0,0,0,0,0,0,0,0,0,0,0,0,0,0,0,0,0,0,0,0,0,0,1582,17444.98,21407.4,19378.82,17664.6,19538.2,15075.5,,,,,,,,,,,,,,,,,,,,,,,,,,,,
514602,武汉思颖琪文化传播有限公司,0,0,0,0,0,0,0,0,0,0,0,0,0,0,0,0,0,0,0,0,0,0,789.49,1926.8,416.4,1201.2,1421,3860.4,4652,,,,,,,,,,,,,,,,,,,,,,,,,,,,
514604,广西接班人教育科技有限公司,0,0,0,0,0,0,0,0,0,0,0,0,0,0,0,0,0,0,0,0,0,0,90,24,6,18,136,0,0,,,,,,,,,,,,,,,,,,,,,,,,,,,,
514605,合肥优视教育科技有限公司,0,0,0,0,0,0,0,0,0,0,0,0,0,0,0,0,0,0,0,0,0,0,291.2,2478.4,1153.6,82.4,56,266.4,20,,,,,,,,,,,,,,,,,,,,,,,,,,,,
514603,陕西明天教育科技发展有限公司,0,0,0,0,0,0,0,0,0,0,0,0,0,0,0,0,0,0,0,0,0,0,4565.76,4540.6,1676.9,1386.3,5419.4,3217.04,1995.4,,,,,,,,,,,,,,,,,,,,,,,,,,,,
514606,河南理想图书发行有限公司,0,0,0,0,0,0,0,0,0,0,0,0,0,0,0,0,0,0,0,0,0,0,256.97,793.8,341,340.5,369.4,126.2,226.6,,,,,,,,,,,,,,,,,,,,,,,,,,,,
513170,阜阳市三味书屋教育科技有限公司,0,0,0,0,0,0,0,0,0,0,0,0,0,0,0,0,0,0,0,0,0,55.8,55.2,39,15,36,30.6,127.8,61.8,,,,,,,,,,,,,,,,,,,,,,,,,,,,
513172,沈阳刷考点教辅图书有限公司,0,0,0,0,0,0,0,0,0,0,0,0,0,0,0,0,0,0,0,0,0,39.2,1972.1,8364.8,9683.62,1710.04,2140.4,1266.7,1974.4,,,,,,,,,,,,,,,,,,,,,,,,,,,,
512829,长沙学有成教育科技有限公司,0,0,0,0,0,0,0,0,0,0,0,0,0,0,0,0,0,0,0,0,0,0,0,0,0,0,0,0,0,,,,,,,,,,,,,,,,,,,,,,,,,,,,
513171,安徽迈进文化传播有限公司,0,0,0,0,0,0,0,0,0,0,0,0,0,0,0,0,0,0,0,0,0,185.88,2141.9,2462.2,2424.98,518.8,449.6,177,334,,,,,,,,,,,,,,,,,,,,,,,,,,,,
512822,秒懂国际图书（北京）有限公司,0,0,0,0,0,0,0,0,0,0,0,0,0,0,0,0,0,0,0,0,0,0,0,0,0,0,0,0,0,,,,,,,,,,,,,,,,,,,,,,,,,,,,
512825,湖南华文出版传媒有限公司,0,0,0,0,0,0,0,0,0,0,0,0,0,0,0,0,0,0,0,0,24,180,726.2,1545.06,1378.36,794.4,1446.12,1121.2,789.2,,,,,,,,,,,,,,,,,,,,,,,,,,,,
511590,衡水天枢教育发展有限公司,0,0,0,0,0,0,0,0,0,0,0,0,0,0,0,0,0,0,0,224,10871.6,5043.27,4273.8,13399.4,16252.8,6732.8,15527.8,20732.8,16085,,,,,,,,,,,,,,,,,,,,,,,,,,,,
511775,陕西文韬文化传媒有限公司,0,0,0,0,0,0,0,0,0,0,0,0,0,0,0,0,0,0,0,0,623.7,3510.9,2744.6,11658,8496.8,640.8,790.7,2973.3,6735.6,,,,,,,,,,,,,,,,,,,,,,,,,,,,
511294,河南晨轩文化科技有限公司,0,0,0,0,0,0,0,0,0,0,0,0,0,0,0,0,0,0,0,174.3,1937.9,1140.2,1053.44,1216.2,529.2,269,4590.5,2531.9,2728.9,,,,,,,,,,,,,,,,,,,,,,,,,,,,
511284,长春玖典文化传媒有限公司,0,0,0,0,0,0,0,0,0,0,0,0,0,0,0,0,0,0,0,127.5,44.5,43,108,48,56,98.5,294,88,55,,,,,,,,,,,,,,,,,,,,,,,,,,,,
511770,保定益岸图书销售有限公司,0,0,0,0,0,0,0,0,0,0,0,0,0,0,0,0,0,0,0,42,62.7,12,140.7,350.7,61.8,15,0,24,0,,,,,,,,,,,,,,,,,,,,,,,,,,,,
511592,武汉市启越教育咨询有限公司,0,0,0,0,0,0,0,0,0,0,0,0,0,0,0,0,0,0,0,0,0,0,0,0,0,0,0,0,0,,,,,,,,,,,,,,,,,,,,,,,,,,,,
511593,天津东岛传媒科技有限公司,0,0,0,0,0,0,0,0,0,0,0,0,0,0,0,0,0,0,0,135,2126.2,1398.4,837.6,940.4,1051.4,589.2,626,408.72,419.4,,,,,,,,,,,,,,,,,,,,,,,,,,,,
511776,驭书斋（天津）文化传播有限公司,0,0,0,0,0,0,0,0,0,0,0,0,0,0,0,0,0,0,0,0,304.8,249.2,591.4,1176.5,1541.8,884.2,1260,1496.8,3613.3,,,,,,,,,,,,,,,,,,,,,,,,,,,,
511434,山东瓜二文化传媒有限公司,0,0,0,0,0,0,0,0,0,0,0,0,0,0,0,0,0,0,0,63.2,10,14,114,12.4,151.4,0,4,0,2,,,,,,,,,,,,,,,,,,,,,,,,,,,,
510374,河北行知文化传媒有限责任公司,0,0,0,0,0,0,0,0,0,0,0,0,0,0,0,0,0,0,4,19.2,249.2,834.9,578.4,571.8,205,68,246,168.6,114.3,,,,,,,,,,,,,,,,,,,,,,,,,,,,
507430,广州习阅文化传媒有限公司,0,0,0,0,0,0,0,0,0,0,0,0,0,0,0,0,0,0,47,112.2,625.7,441.8,652.8,1670.7,2925.72,1901.8,1588.6,1892.34,6580.7,,,,,,,,,,,,,,,,,,,,,,,,,,,,
507429,惠来县薪火科技有限公司,0,0,0,0,0,0,0,0,0,0,0,0,0,0,0,0,0,0,0,0,0,0,0,0,0,0,0,0,0,,,,,,,,,,,,,,,,,,,,,,,,,,,,
506294,慧课教育科技（广东）有限公司,0,0,0,0,0,0,0,0,0,0,0,0,0,0,0,0,0,22,557.6,690.9,224.8,214.2,196.68,857.8,1332.6,1153.4,1027.08,349.6,254.2,,,,,,,,,,,,,,,,,,,,,,,,,,,,
905437,梁山高智传媒科技中心（个体工商户）,0,0,0,0,0,0,0,0,0,0,0,0,0,0,0,0,0,2632.3,5510,7490.4,9580.79,12956.9,10438.32,24173.4,29257.2,24718.52,21825.2,23403.6,15590.28,,,,,,,,,,,,,,,,,,,,,,,,,,,,
505620,湖南书虫教育科技有限公司,0,0,0,0,0,0,0,0,0,0,0,0,0,0,0,0,0,3462.82,8004.2,3915.9,2437.4,1478.58,2040,2212.2,1576.2,1333.6,784.5,854.5,766.2,,,,,,,,,,,,,,,,,,,,,,,,,,,,
505618,盛世华阅文化传媒（北京）有限公司,0,0,0,0,0,0,0,0,0,0,0,0,0,0,0,0,0,160.2,1287,846.6,2510.7,2213.1,1741.8,6756.4,14656.38,2296.69,3132.71,1821.69,792.26,,,,,,,,,,,,,,,,,,,,,,,,,,,,
505017,河南写意年华教育科技有限公司,0,0,0,0,0,0,0,0,0,0,0,0,0,0,0,0,176.6,64,702.4,330.2,542.2,368.4,364.3,542.6,284.8,155.8,100.46,58,82.8,,,,,,,,,,,,,,,,,,,,,,,,,,,,
505619,上海云珏文化传播有限公司,0,0,0,0,0,0,0,0,0,0,0,0,0,0,0,0,0,0,0,0,0,0,0,0,0,0,0,0,0,,,,,,,,,,,,,,,,,,,,,,,,,,,,
503992,济宁长歌文化传媒有限公司,0,0,0,0,0,0,0,0,0,0,0,0,0,0,0,13098.8,50147.16,27554.97,22714.8,14541.58,17392.2,17188.87,17835.4,20030.76,23092.4,17997.88,37512.6,31327.26,37344.89,,,,,,,,,,,,,,,,,,,,,,,,,,,,
503080,福建人民出版社有限责任公司,0,0,0,0,0,0,0,0,0,0,0,0,0,0,0,989.4,1283.75,957.2,220.8,366.6,1714.98,1143.9,849.2,1284.4,715.6,615.7,1961.2,1450.4,860.84,,,,,,,,,,,,,,,,,,,,,,,,,,,,
504617,合肥三新教育科技有限公司,0,0,0,0,0,0,0,0,0,0,0,0,0,0,0,321.5,1609.5,337.5,213,95,153,40,71,38,1210.6,751,920.2,604.6,563,,,,,,,,,,,,,,,,,,,,,,,,,,,,
504622,江苏有为咨询有限公司,0,0,0,0,0,0,0,0,0,0,0,0,0,0,0,0,9,15,0,0,5,16,19.8,0,38.8,0,0,16,6,,,,,,,,,,,,,,,,,,,,,,,,,,,,
504623,山东开心图书有限公司,0,0,0,0,0,0,0,0,0,0,0,0,0,0,0,0,3882,3683.83,4247.65,6094.56,4738.1,2485.5,2518.3,2814,1768.4,715.9,1826,1521.2,881,,,,,,,,,,,,,,,,,,,,,,,,,,,,
503076,聊城市开发区题酷网络科技服务中心,0,0,0,0,0,0,0,0,0,0,0,0,0,0,0,0,2271.4,456.4,122,35,12,12,0,6,0,12,0,0,0,,,,,,,,,,,,,,,,,,,,,,,,,,,,
503079,郑州启明星书业有限公司,0,0,0,0,0,0,0,0,0,0,0,0,0,0,0,0,0,0,0,6,798.6,911.22,355.2,214.8,72,21,37.8,27,63.6,,,,,,,,,,,,,,,,,,,,,,,,,,,,
503077,河北兴园书刊有限公司,0,0,0,0,0,0,0,0,0,0,0,0,0,0,0,173.4,142.2,333.6,53.6,29.2,28,18,21.2,4,10,10,54,2,24,,,,,,,,,,,,,,,,,,,,,,,,,,,,
503078,武汉市好学途文化传媒有限公司,0,0,0,0,0,0,0,0,0,0,0,0,0,0,0,0,270.8,594.9,383.44,177.48,582.2,180.9,47.64,189,347,76.6,170,115.62,71.2,,,,,,,,,,,,,,,,,,,,,,,,,,,,
502866,四川云思路图书销售有限公司,0,0,0,0,0,0,0,0,0,0,0,0,0,0,151,25,31.2,163,199.2,96.6,320.8,186.8,150.2,87,27,0,0,0,0,,,,,,,,,,,,,,,,,,,,,,,,,,,,
502056,潍坊振发文化发展有限公司,0,0,0,0,0,0,0,0,0,0,0,0,0,681.6,1008.51,3263.4,12072,2444.15,2852.25,1505,1713.05,1743.9,1915.05,2963,2443.1,1634.7,2091.3,2450.1,13317.06,,,,,,,,,,,,,,,,,,,,,,,,,,,,
501922,杭州盛世久顺文化发展有限公司,0,0,0,0,0,0,0,0,0,0,0,123.6,1464,1280.04,1008.9,581.1,826.7,270,132.2,98.6,77,122.32,667.6,371.7,358.6,230.6,434,179.2,154,,,,,,,,,,,,,,,,,,,,,,,,,,,,
501752,安徽育甲优创教育科技有限公司,0,0,0,0,0,0,0,0,0,0,0,0,0,0,0,1139.7,2195.1,789.9,493.5,558,67.8,96.6,186.3,222,225,103.8,291,60,133.8,,,,,,,,,,,,,,,,,,,,,,,,,,,,
501417,西安尚墨文化传播有限公司,0,0,0,0,0,0,0,0,0,0,129,233.6,73.8,59.6,114.8,70,43,45,4,0,3,2,0,0,6,21,0,0,0,,,,,,,,,,,,,,,,,,,,,,,,,,,,
501751,昆明初莫文化传播有限公司,0,0,0,0,0,0,0,0,0,0,0,0,0,0,0,0,0,0,0,0,0,0,0,0,0,0,0,0,0,,,,,,,,,,,,,,,,,,,,,,,,,,,,
501571,河北鸿硕教育科技有有限公司,0,0,0,0,0,0,0,0,0,0,128.8,2834.4,539.6,559,130,566.4,1940.18,915.2,32,4,557.2,1348.4,1421.4,2561.4,1093.2,138,1048.4,596.4,966,,,,,,,,,,,,,,,,,,,,,,,,,,,,
501237,兰州书志文化传播有限公司,0,0,0,0,0,0,0,0,0,468,207.6,138,51.6,180,150,42,42,0,0,6,0,0,0,279.6,192,9.6,252,75.6,0,,,,,,,,,,,,,,,,,,,,,,,,,,,,
501416,河南超图教育科技有限公司,0,0,0,0,0,0,0,0,0,0,0,0,0,0,0,0,0,0,0,0,0,0,0,0,0,0,0,0,0,,,,,,,,,,,,,,,,,,,,,,,,,,,,
501415,中数数字科技（山东）有限公司,0,0,0,0,0,0,0,0,0,0,29,3277.2,1666.61,1055.76,694.09,379,546,564.3,793.3,551.2,545.5,362.3,354.8,293.49,133.1,111,62,49,235.32,,,,,,,,,,,,,,,,,,,,,,,,,,,,
501236,宁波涌济文化发展有限公司,0,0,0,0,0,0,0,0,0,1102.8,999.6,1201,469.2,577.8,1429,1328.3,2272,2691.9,1309.9,517.48,533.9,782.6,984.6,2402.76,2964.22,3925.8,2156.2,1097.49,1196.4,,,,,,,,,,,,,,,,,,,,,,,,,,,,
501085,广东宾博文化传播有限公司,0,0,0,0,0,0,0,0,222.2,244.6,339.4,173,233.4,112,146.2,223,14.2,27.2,51,27,23,4,8.6,42,0,25.6,0,0,0,,,,,,,,,,,,,,,,,,,,,,,,,,,,
501234,安徽振乾文化传媒有限公司,0,0,0,0,0,0,0,0,178.8,584.6,477.4,247.2,284.2,292,425.2,344,324.8,265.4,56,40,24,272.23,202.8,267.4,54,33,122.2,137.4,165.1,,,,,,,,,,,,,,,,,,,,,,,,,,,,
500775,杭州润游图书有限公司,0,0,0,0,0,0,0,264,3240,970.4,1488,1485.2,556,435.6,635.6,1287,2074.4,1814.6,726.6,410,309,333.6,275.4,875.8,209.6,128.8,380,340,501.6,,,,,,,,,,,,,,,,,,,,,,,,,,,,
501086,四川省教育电子音像出版社有限公司,0,0,0,0,0,0,0,0,0,263.2,200,65.2,64,280,202,59.2,48.4,37.2,23.6,2,126,14,6,10,12,0,16,30,24.4,,,,,,,,,,,,,,,,,,,,,,,,,,,,
500774,上海汇熙文化传播有限公司,0,0,0,0,0,0,0,0,251.4,160.4,131,89.4,102,82.2,83.8,35.64,45,42,8.4,4,18,6,99.2,181,5,24,10,9.6,15.2,,,,,,,,,,,,,,,,,,,,,,,,,,,,
500779,河南王瑞教育科技有限公司,0,0,0,0,0,0,0,0,465,107.2,111.4,147,267,130.5,101.8,1735,2182.66,942.1,108.4,16,28.8,23,45.8,48.4,43,125.6,78,95,116,,,,,,,,,,,,,,,,,,,,,,,,,,,,
500772,重庆大学电子音像出版社有限公司,0,0,0,0,0,0,0,342.4,902.8,611.2,371.6,210.2,175.4,222.2,257.8,127.4,263.1,333,96.8,322.5,188.5,103.9,151.9,350.6,179.7,49,133,21.88,24.5,,,,,,,,,,,,,,,,,,,,,,,,,,,,
500769,山东状元桥文化传播有限公司,0,0,0,0,0,0,0,958.6,1388.8,452.2,353.2,226.8,166,256.6,232.8,58.8,88,12,73.6,16,41,77.2,28.2,23,5.2,37.8,10,6,18,,,,,,,,,,,,,,,,,,,,,,,,,,,,
500768,北京一本通文化传媒有限公司,0,0,0,0,0,0,0,0,0,0,0,0,0,0,0,0,0,0,0,0,0,0,0,0,0,0,0,0,0,,,,,,,,,,,,,,,,,,,,,,,,,,,,
500746,北京清北华杰文化科技有限公司,0,0,0,0,0,0,0,0,0,0,0,0,0,0,0,0,0,0,0,0,0,0,0,0,0,0,0,0,0,,,,,,,,,,,,,,,,,,,,,,,,,,,,
500770,石家庄朗诚文化传媒有限公司,0,0,0,0,0,0,113.6,98.8,30.4,2,14,4,120.4,249.2,98,40.8,21.6,6,39.2,4,2,0,2,0,0,8,3.8,0,0,,,,,,,,,,,,,,,,,,,,,,,,,,,,
500745,深圳天骄文化传播有限公司,0,0,0,0,0,1110.6,37962.8,16926.4,11807.8,7729.6,23896.3,21445.6,14745.6,10859.6,10745.58,6410.91,17183.88,15380.62,11347.36,7117.52,5252.28,7248.34,19029.72,17861.2,11039.22,4867.4,6160.82,5377.1,15014.89,,,,,,,,,,,,,,,,,,,,,,,,,,,,
500744,唐山泓延文化传媒有限公司,0,0,0,0,0,0,27.6,15,12,3,3,16,14,24,7,13.4,4,8,27.2,7,12.4,6.4,24.8,4,11,4,8,8,6.4,,,,,,,,,,,,,,,,,,,,,,,,,,,,
800049,北京科学技术出版社有限公司,0,0,0,0,0,0,0,0,0,0,0,0,0,0,0,0,0,0,0,0,0,0,0,0,0,0,0,0,0,,,,,,,,,,,,,,,,,,,,,,,,,,,,
500743,西南大学出版社有限公司,0,0,0,0,0,57.6,50.4,24,20,17,17,31.8,26,89,22,28,0,12,9,13.8,6,32,7.4,8,4.8,4,9,3,10,,,,,,,,,,,,,,,,,,,,,,,,,,,,
500742,辽宁书林文化传播有限公司,0,0,0,0,0,0,0,14,131.4,68,77,45,21,22.2,12,14,2,12,13,6,0,4,0,10,0,0,2,0,8,,,,,,,,,,,,,,,,,,,,,,,,,,,,
500731,陕西奔跑加文化传播有限公司,0,0,0,0,8538,23101.2,3167.2,2365.6,2200.8,2729.2,2649.2,3876.6,6197,6056.8,7411.9,7082.68,7803.9,6369.9,872.79,1015.68,1361.2,2019.6,2025.45,2056.2,2545,1710.6,1978,3448.5,3030.94,,,,,,,,,,,,,,,,,,,,,,,,,,,,
500741,河南省雅润天宏文化传媒有限公司,0,0,0,0,40,818,40,30,35,15,5,43,25,15,10,10,0,0,0,0,0,0,0,0,0,0,10,10,0,,,,,,,,,,,,,,,,,,,,,,,,,,,,
500738,山西三重图书有限公司,0,0,0,0,0,421.4,72,90,82,375.4,401.4,63,0,18,9,0,54,63,9,18,63,198,27,54,9,0,18,18,0,,,,,,,,,,,,,,,,,,,,,,,,,,,,
500726,湖南老唐说题教育咨询有限公司,0,0,0,4228.59,4870.01,1888,1714.1,2292.6,1983.2,1283.6,3074.8,978.2,1886,2325.9,938.92,796.08,508.7,283.4,320.16,137.6,318.2,335.7,565.1,437.2,148.51,206.6,215,142.4,325.22,,,,,,,,,,,,,,,,,,,,,,,,,,,,
500717,山东甘一文化科技有限公司,0,0,0,0,0,0,0,0,0,0,0,0,0,0,0,0,0,0,0,0,0,0,0,0,0,0,0,0,0,,,,,,,,,,,,,,,,,,,,,,,,,,,,
500724,陕西智优文化传媒有限公司,0,0,32,1284.6,1487.6,3533.2,731.6,1081.4,610.4,879.6,668,2932.8,2358.4,1087.3,1408.2,1547,960.2,2327.8,872.5,837.48,711.78,375.4,370.58,627.2,693.7,103.4,381.6,212,231.2,,,,,,,,,,,,,,,,,,,,,,,,,,,,
800053,大连理工大学出版社有限公司,0,0,0,6250.2,2280.8,586,48,88,28,65,85,158,125,71.4,28,25,0,0,44,0,0,5,0,0,0,0,0,45,0,,,,,,,,,,,,,,,,,,,,,,,,,,,,
500722,江苏华阅万卷教育科技有限公司,0,0,653,993,863.2,666.2,199.4,183.2,480.2,468.8,397.4,401,103.6,177.5,372.8,233.1,601.9,252.2,61,154,296,128.4,78.2,121.7,124.6,46.4,94.8,79.2,80.8,,,,,,,,,,,,,,,,,,,,,,,,,,,,
500698,武汉智云优鸿科技有限公司,0,0,1108.3,1038.6,1032.3,744.3,1610.2,696.7,925.7,543.3,450.2,291.9,295.3,173.5,156.05,104.25,72.4,133,117.15,82.05,160.45,82.85,117.85,139.2,66.9,174.1,25.5,28.1,33.7,,,,,,,,,,,,,,,,,,,,,,,,,,,,
500709,山东普高文化教育有限公司,0,130,399,2878.6,402,68,76,40,2856,3242.6,672.8,277,68.8,87,25.5,50,244,16,42,48,85,40.4,16,79,13.6,16,0,8,8,,,,,,,,,,,,,,,,,,,,,,,,,,,,
500696,山东面向未来图书销售有限公司,32,1142.2,3144.8,5549.8,5885.6,14519.72,5285.84,2784.04,4586.9,7286.12,6120.71,17564.28,8954.11,2621.68,5115.04,9773.82,12846.44,30790.26,5982.11,3113.45,3588.61,2736.54,4985.93,16258.48,18594.41,1301.05,1885.93,3033.62,4553.94,,,,,,,,,,,,,,,,,,,,,,,,,,,,
800011,宁波出版社有限公司,630,260.4,611.6,536.4,4152.6,5423.8,700,321.4,156,51,71.2,80.4,148.2,1115,1247.56,3094.21,3516.6,13362.64,1450.5,843.8,1594.42,1892.2,1503.6,2039.6,2204.72,244.8,332.8,1523.56,1417.9,,,,,,,,,,,,,,,,,,,,,,,,,,,,
900000,长安学林文具用品经销部,0,0,0,804,779.2,1396.8,369.6,196,323.6,236,270.8,1091.6,1004.4,599.2,600.4,319.8,320.6,2663.2,901.6,559,286.6,180,254,427.8,496.4,240.8,288.4,486,34,,,,,,,,,,,,,,,,,,,,,,,,,,,,
500109,时代京版（北京）文化传播有限公司,5764.2,4296.6,5142,4096.6,1984.6,1127,1314.8,904,944.4,1861.8,3153,3501.2,1670.6,2381.6,2239.29,1951.2,2978.7,721.9,737.3,271.6,552.6,682.4,489,413.4,429.8,242.47,255,252.6,402.6,,,,,,,,,,,,,,,,,,,,,,,,,,,,
500243,众相原创文化传播陕西有限公司,6871.8,4434.6,7307.6,4386.6,3698.8,2008.4,1282.2,1327,2662.4,2416,3775.4,4378.8,6028,7144.1,10040.4,6819.08,7069.08,9123.84,3125.84,2009.8,3234.02,2871.2,3013.18,6225.28,6549.5,7727.38,16665.26,13861.68,11192,,,,,,,,,,,,,,,,,,,,,,,,,,,,
500546,众望益飞教育科技（北京）有限公司,11048,6130.4,9562.8,7479.6,7200.4,8664.6,6787.81,4608.6,7310,6198,6463,9057,3916.8,2954,6365.02,5354.24,6685.92,3693.5,1689.08,2834.98,7422.5,6674.8,6105.92,9892.4,8898.4,3399.1,7300.4,5208.02,5683.36,,,,,,,,,,,,,,,,,,,,,,,,,,,,
500547,广州星达数码科技有限公司,1674.34,501.8,964.7,1833.6,2384.9,1453.68,918.4,1034.8,765.3,620,807.9,1237.2,835.64,1709.64,1103.4,1402.9,1952.81,1185.2,918.56,972.74,895.7,889.62,1849.91,1861.74,1316.3,842.8,1846.04,2056.1,1751.1,,,,,,,,,,,,,,,,,,,,,,,,,,,,
500089,洛阳字里行间文化传播有限公司,2657.8,1529,5725.8,4238.8,5343.6,3161.6,849.4,457.8,495.2,1328.2,735.8,1164.6,686.2,651,1089.8,815.4,931,646.1,251.7,98,199,2485.4,1310.9,2289.5,1031.6,218.4,409.3,169.6,200.8,,,,,,,,,,,,,,,,,,,,,,,,,,,,
500170,山东一得文化科技有限公司,406,336,102.2,796,790.4,420,437,393,405,1145,690,690,2180,1028,798,660,738,925,690,510,630,1230,450,2610,1315,840,1080,750,516,,,,,,,,,,,,,,,,,,,,,,,,,,,,
500121,浙江金睿文化传媒有限公司,11026,4262,4550.4,3512.8,3445.6,3016.6,3726,1965,2006.6,2010.6,2129.4,2081.2,1405.4,1181.2,898.72,573.46,531.6,794.88,959.92,471.22,573.4,421.8,467.7,459.3,449.4,156.6,130.6,410.6,108.4,,,,,,,,,,,,,,,,,,,,,,,,,,,,
500169,合肥市徽文文化传播有限公司,2242.6,1343.8,2894.4,1965.8,3072.6,1772.2,1023.8,1526.8,3128.8,1895.2,1757.4,2479.9,1274.4,1468.4,481,481.2,619.2,561,324.6,389,143.8,295.2,302.8,461.2,201.76,139,272,82.8,150.7,,,,,,,,,,,,,,,,,,,,,,,,,,,,
500228,辽宁考点文化图书有限公司,0,0,0,7,0,0,6,0,0,0,0,0,1,2,0,0,6,6,2624.4,1301.38,387.8,296.4,181.7,0,0,0,0,0,0,,,,,,,,,,,,,,,,,,,,,,,,,,,,
500168,梁山学易优文化传媒有限公司,2434.4,1202.2,1724.6,1196.8,937.8,1396,1265,1368.4,1440.8,511.4,699.8,822.6,457,399.6,336.2,180.6,202.9,299,467,305,419.2,206,498.1,776.4,509.8,158.8,298.8,273.8,190.2,,,,,,,,,,,,,,,,,,,,,,,,,,,,
500545,三圆文化传媒广州有限公司,0,0,0,0,0,1261.4,1346.1,56,234.5,273,1699.1,2410.5,912.2,92,40.5,99.6,193.9,375.8,328.6,103.7,94.9,178.3,245.1,142.5,128,0,3.5,3.5,7,,,,,,,,,,,,,,,,,,,,,,,,,,,,
500241,山东舵手网络科技有限公司,251,262.8,185,843.6,547.6,23,39,37,38,19,5,25,13,930.4,118,121.6,902.6,51,8,17,109,51,5,5,8,0,877.8,3963.64,11046.2,,,,,,,,,,,,,,,,,,,,,,,,,,,,
500167,河北鸿浩教育科技有限公司,325,144.8,278,113.4,169.2,144.2,656.4,381.2,877.6,238.2,116.4,67.2,52,25,984.6,234,171.8,114,150,85.54,207.4,83,75.2,27,42,16,35.84,36,79,,,,,,,,,,,,,,,,,,,,,,,,,,,,
500150,河南君德容文化传播有限公司,385.6,132.2,533.8,208.4,274.2,227.8,209,50,87,47.6,85,134,126,276.2,382.8,209,93.3,111,79,24.8,22,56,68.2,83,19,23,38,80,35.7,,,,,,,,,,,,,,,,,,,,,,,,,,,,
500692,素养导向北京教育科技有限公司,59.4,698.4,781.2,537.2,299.4,288,269.8,340.6,249.6,259.4,102,81.4,78.4,286.8,177,49,70,31,73.6,81.8,8.8,0,36,4,4,8,10,0,0,,,,,,,,,,,,,,,,,,,,,,,,,,,,
500586,阅盟教育科技（广东）有限公司,527.46,163.66,200.98,86.28,128.46,171,268.46,329,105.8,125,100.2,27,14.8,0,5,3,108,173.8,109.2,86.2,52,2,30.8,5.4,0,3,3,4,8,,,,,,,,,,,,,,,,,,,,,,,,,,,,
500126,师者教育科技（山东）有限公司,91.8,159,213.6,70.8,81,51,51.6,163.8,184.8,43.8,76.2,6,12,72,39,9,33,267.55,18,75,12,9,0,6,9,3,15,83.4,12,,,,,,,,,,,,,,,,,,,,,,,,,,,,
500123,中报二十一世纪（北京）传媒科技有限公司,0,0,0,0,90,31,0,5,0,10,30,24,46,0,76,81,38,0,68.4,18,114,0,38,0,19,0,0,0,0,,,,,,,,,,,,,,,,,,,,,,,,,,,,
500180,济南木叉教育科技有限公司,182.2,43.2,41,100,100,27,235.4,223.2,69.4,109.4,68,110.4,9.2,8,6,2,40,14,85.2,33.6,28.6,63.6,45.6,11.2,2,0,6,3,0,,,,,,,,,,,,,,,,,,,,,,,,,,,,
500122,淄博书通数字文化发展有限公司,391.8,51,40.8,46.8,73.8,48,111,48,270,187.8,75,152.4,49.8,26.4,3,4.8,18,13.8,27,25.8,51,60,33,48,21,2.7,0,6,0,,,,,,,,,,,,,,,,,,,,,,,,,,,,
500108,北京千锋互联科技有限公司,96,63.26,168.12,23,83,52.8,117.2,57.8,116.8,228.4,67,64.2,4.8,23,52,34,49,28.12,3,22.8,12.8,10.7,136.36,46.4,38.4,2,22,2,0,,,,,,,,,,,,,,,,,,,,,,,,,,,,
500110,洛阳燕川文化传播有限公司,240.4,32.2,46,36,14,18,33.6,19.4,8,22,31,24,32,18,7.2,6,9.2,30,26,0,0,0,2,11,3,0,4,4,6,,,,,,,,,,,,,,,,,,,,,,,,,,,,
500502,盛华轩文化发展（北京）有限公司,19.5,12.5,7.25,4.5,14.5,13,24.45,29.7,21.75,29.2,14.25,33.75,5.5,20.75,8.9,13.25,6.5,4,19,0,6.95,2.5,1.5,11.25,0.25,0.75,9,2,0,,,,,,,,,,,,,,,,,,,,,,,,,,,,
500153,聊城广源图书发行有限公司,10,10,0,10,4,9,54,45,28,8.2,24.2,6,6.4,14.8,0,2,4,0,16,9,18,0,8,0,0,0,0,0,0,,,,,,,,,,,,,,,,,,,,,,,,,,,,
500107,山西英雅特教育科技有限公司,119.6,87,116,51.2,38.6,226.44,31.6,33,14,17,103.64,26,13.6,2,17.6,6,19.4,3,4,0,5,2,0,3,0,0,0,16.6,0,,,,,,,,,,,,,,,,,,,,,,,,,,,,
500450,陕西泰杰超信科技有限公司,17,35,29,0,33,15.2,8,4,6,1,32,11,3,1,14,3,7,3,1,6,0,1,0,0,0,0,0,0,0,,,,,,,,,,,,,,,,,,,,,,,,,,,,
500695,阳谷天盛文化传媒有限公司,16,44,16,0,0,4,81.4,4,52,8,0,0,0,8,0,0,8,0,8,0,0,0,0,0,2,0,0,0,0,,,,,,,,,,,,,,,,,,,,,,,,,,,,
500152,武汉领跑文化科技有限公司,20,33,15,5,5,0,0,0,0,0,0,0,15,0,0,0,5,0,0,0,0,0,0,0,0,0,0,0,0,,,,,,,,,,,,,,,,,,,,,,,,,,,,
800009,青岛出版社有限公司,14.92,16,7,10,10,3.6,0,4,3.6,1,3,5,0,1,3,2,0,1,2,0,3,0,0,2,0,0,0,0,0,,,,,,,,,,,,,,,,,,,,,,,,,,,,
500127,山东泉之源文化传媒有限公司,4,4,0,0,5,0,4,0,0,2,8,4,0,2,0,0,2,0,0,0,0,2,0,0,0,0,3,0,0,,,,,,,,,,,,,,,,,,,,,,,,,,,,
500182,深圳益学教育科技有限公司,0,47,0,1,6,79,6,48,2,0,0,2,0,2,0,0,1,0,0,0,0,1,0,0,0,0,0,0,0,,,,,,,,,,,,,,,,,,,,,,,,,,,,
500601,河南爱智慧文化传播有限公司,2.5,0,0,50.1,98,0,0,1.6,97.1,0,99.1,1,0,0,0,0,0,0,1,0,0,0,0,1,0,0,96,0,0,,,,,,,,,,,,,,,,,,,,,,,,,,,,
500166,黑龙江金钥匙图书经销有限公司,0,0,0,0,0,0,0,0,0,0,0,0,0,0,0,0,0,0,0,0,0,0,0,0,0,0,0,0,0,,,,,,,,,,,,,,,,,,,,,,,,,,,,
500151,山东状元廊文化传媒有限公司,0,0,0,0,0,0,0,0,0,0,0,0,0,0,0,0,0,0,0,0,0,0,0,0,0,0,0,0,0,,,,,,,,,,,,,,,,,,,,,,,,,,,,
500119,合肥小思贸易有限公司,0,0,0,0,0,0,0,0,0,0,0,0,0,0,0,0,0,0,0,0,0,0,0,0,0,0,0,0,0,,,,,,,,,,,,,,,,,,,,,,,,,,,,
500594,青岛五车书教育咨询服务有限公司,0,0,0,0,0,0,0,0,0,0,0,0,0,0,0,0,0,0,0,0,0,0,0,0,0,0,0,0,0,,,,,,,,,,,,,,,,,,,,,,,,,,,,
500406,北京新华先锋出版科技有限公司,100.51,106.47,172.79,27.96,62.12,86.44,164.69,59.96,44.57,32.97,48.05,7.09,6.99,60.95,45.45,45.97,13.09,40.96,9.9,6.99,0,0,0,0,0,0,0,0,0,,,,,,,,,,,,,,,,,,,,,,,,,,,,
500600,山西百佳文化传播有限公司,481.44,155.8,346.62,471.03,396.2,805.08,144,19,0,0,0,0,0,0,0,0,0,0,0,0,0,0,0,0,0,0,0,0,0,,,,,,,,,,,,,,,,,,,,,,,,,,,,
500225,济南皓博图书有限公司,1913.4,1051.8,1505.4,1784.8,1531.8,1307.8,1238.4,1116.2,920.4,1138,911.4,1031.6,658.2,531,757.4,422,432.6,329.5,299.2,279.6,164,103.6,213.2,78.6,107.2,67,41.2,140.8,86.2,,,,,,,,,,,,,,,,,,,,,,,,,,,,
500183,山东孟儒文化传媒有限公司,474,358,401,623,741.4,136.6,198.2,1264.8,1449,438,675.8,409.2,371,768.2,456.6,383.4,238.8,157.2,444.2,98.8,55.2,399.4,83.6,175.4,44.4,132,90.2,76,3,,,,,,,,,,,,,,,,,,,,,,,,,,,,
800010,江苏凤凰电子音像出版社有限公司,2308.8,4183.15,4484.05,2879.8,2505.6,1915.6,2132.6,1872.8,2560.2,2600.35,2052.7,1540.7,1215.7,2111,1821.9,1241.9,1049.3,996.4,1045.25,840.6,1204.9,935,876.25,432.2,221,183.7,757.4,349,207.25,,,,,,,,,,,,,,,,,,,,,,,,,,,,
500129,上海万瑞威尔文化创意有限公司,861.6,926.8,1097.4,490.4,489.4,423.3,244.2,189.8,380.6,333.4,111.8,122.8,89.8,138.8,204.7,113.8,71,84.4,220.7,92,129,150,55.8,22,29,3,10,12,9,,,,,,,,,,,,,,,,,,,,,,,,,,,,
500149,河南小旗手图书销售有限公司,3072.8,629.8,846.6,2434.8,1488.4,777.6,243.8,335,353.6,537.6,367,747.41,365.29,230.8,282.9,121.6,74.8,65,24,9,32.8,12,34,45,39,0,6,3,13,,,,,,,,,,,,,,,,,,,,,,,,,,,,
500148,郑州纳睿文化传播有限公司,228,68,175.4,142,142.6,380.8,76.2,4,3,6,2,9,32,15.2,84,11,71.6,25.2,20,0,0,0,0,0,0,0,0,0,35.2,,,,,,,,,,,,,,,,,,,,,,,,,,,,
500131,沈阳庠序书刊有限公司,70,106.8,179,68.2,69,56,17.2,8,30,20,33.2,27.2,9,89,19.4,6,6,6,4,3.2,6,6.8,12,8,5,3.2,2,10,7,,,,,,,,,,,,,,,,,,,,,,,,,,,,
500118,山东必赢教育科技有限公司,19,1,3.2,0,2,11.6,4,2,8,2,0,2,0,0,0,2,2,0,2,0,0,0,0,4,0,0,0,0,0,,,,,,,,,,,,,,,,,,,,,,,,,,,,
500631,杭州市滨江区祁绩培训学校,0,0,0,0,0,0,0,0,0,0,0,0,0,0,0,0,0,0,0,0,0,0,0,0,0,0,0,0,0,,,,,,,,,,,,,,,,,,,,,,,,,,,,
500181,河南松茂文化传播有限公司,0,0,0,0,0,0,0,0,0,0,0,0,0,0,0,0,0,0,0,0,0,0,0,0,0,0,0,0,0,,,,,,,,,,,,,,,,,,,,,,,,,,,,
500550,《语文报》社有限责任公司,265.12,89.1,174.6,240.9,105,170,158,242,100,124.8,77.1,29.2,0,0,0,0,0,0,0,0,0,0,0,0,0,0,0,0,0,,,,,,,,,,,,,,,,,,,,,,,,,,,,
500408,河北华冠图书有限公司,8065.2,4491.08,4982.98,3375.6,6318.5,6953.2,10006.05,8531.46,11635.6,22597.1,19622.3,19481.9,10882.33,15199.72,17736.72,20748.46,14745.08,12171.54,16793.15,13734.19,17283.74,17594.12,20447.8,17564.6,16848.9,10774.5,15042.88,8732.8,5390.5,,,,,,,,,,,,,,,,,,,,,,,,,,,,
500410,湖北时代卓锦文化传媒有限公司,8794.8,2787.3,3828.2,3108.2,3215.9,2692.7,6649.8,5047.72,6428.1,5537.4,5216,5092.3,4007.8,6604.9,19013.82,15611.65,13952.06,14522.9,3401.2,1878.2,8487.64,14886.26,8986.93,19159.38,9721.72,5579.02,11003.16,13729.72,9591.04,,,,,,,,,,,,,,,,,,,,,,,,,,,,
500269,梁山辉煌图书有限公司,273,194,235,82,27.2,15,217.64,109,112.44,48,47.2,4,128.44,18,11,0,0,15.6,486.07,881.4,1135.5,1511.3,1703.1,2092.7,1861.5,1532.7,2894,2139.9,1890.6,,,,,,,,,,,,,,,,,,,,,,,,,,,,
500283,哈尔滨勤为径图书经销有限公司,26981.18,20415.24,31126,26229,27354.8,31089.48,21446.2,18210.2,34888.46,28617.6,27527.4,37130.72,25113.14,34181.3,31920.26,28841.11,36451.68,34358.55,23279.54,14780.14,18345.32,15296.13,14016.72,19037.17,14855.88,9897.92,17641.93,15075.04,14667.28,,,,,,,,,,,,,,,,,,,,,,,,,,,,
500377,山东泰斗文化传播有限公司,18679.1,5438.8,8931.74,6091,7045.8,30992.04,16436.8,7154.1,10017.5,7593.7,13719.08,33430.2,15312.4,7254.9,11708.56,18399.87,15302.8,30516.19,10016.82,8045.68,4063.08,5448.52,5362.55,15026.14,16454,2798.9,3449.3,6884.74,7344.09,,,,,,,,,,,,,,,,,,,,,,,,,,,,
500188,山东绿卡教育科技有限公司,7918.9,5123.2,4670.8,3724.2,3142.9,2564,3138.3,2199.98,2807.84,2638.14,2455.85,2844.48,3397.6,15453.92,13704.4,8276.48,8412.4,5865.6,3013.5,3409.2,19551.02,11117.53,8773.64,11196.6,10896.68,8850.8,13641.88,7088.38,8008.4,,,,,,,,,,,,,,,,,,,,,,,,,,,,
500284,北京宏达一甲教育科技有限公司,3050.2,2551.2,2248.09,2233.12,2956.66,3850.1,3174.9,2101,3226.8,2825.1,2408.7,933.6,1142.4,2124.1,5657.38,8320.7,6044.9,3988.3,3998.3,2654.2,2235.4,849.44,706.9,449.8,438.4,221.2,429.6,305.1,211.2,,,,,,,,,,,,,,,,,,,,,,,,,,,,
500176,中山市思而优文化发展有限公司,8896.7,6705.7,12871.9,7275.6,6609.6,11334.8,2012,2025.8,5938.2,7681,5041,7299.9,3167.7,2893,6320.95,7101.34,9217.42,13775.48,1781.7,1184.54,2866.7,3240.4,4295.98,5280.56,5024.79,2099.7,5542.45,4887.03,6301.8,,,,,,,,,,,,,,,,,,,,,,,,,,,,
800000,文心出版社有限公司,383.1,708.7,861.2,953.7,725.8,636.2,2548.2,954.7,1496.9,941.8,1041.8,1237.1,3275.6,705.4,1255.7,1597.2,1318.71,1582.9,1542.42,1096.48,1171.5,2712.67,1895.28,1927.8,3561.8,2407.8,1765.5,1550.4,929.1,,,,,,,,,,,,,,,,,,,,,,,,,,,,
500298,湖南天一文化发展有限公司,6576,1866.4,3812,6627,11231.2,6382.2,1784,1474.2,870.4,7461.8,5401,2074.8,1169.8,1503.2,1492.6,2924.1,1926.8,2758.39,437,1815.6,1474,1737,1949.8,2892.6,4979.5,430.2,775.6,474.9,1174,,,,,,,,,,,,,,,,,,,,,,,,,,,,
500438,北京以凡文化传媒有限公司,3214.7,3247.6,3681.48,3083.42,2314.7,5139.2,1369.5,645.3,707.8,716,1329.8,2391.6,1818.7,1922.4,2408.86,2354.32,4206.5,3198.01,672.58,243,380.08,552.6,715.4,1359.14,1122.9,1467.1,1511.7,1889.4,1269.1,,,,,,,,,,,,,,,,,,,,,,,,,,,,
500271,河北红对勾文化传播有限公司,2428.8,1153.6,1035,1349.8,3907,2262.8,2292.4,1607.2,4399.4,2298.8,3320.6,2257.6,1996.8,2290.8,888.4,780.8,856.8,700.7,1750,712.9,689.7,866.4,579.2,3192.6,6542.6,2939.7,3202.2,1830.4,3201.8,,,,,,,,,,,,,,,,,,,,,,,,,,,,
500280,洛阳大爱图书有限公司,1804.6,916,1562,1403.4,1071.8,694,366,268.8,233.8,1194.6,1430.8,1270.2,1606.8,1257.2,1507.6,1308.4,930.3,789.58,339.8,242.6,788.8,492,640.2,709.4,1010.6,1010.6,1695,986.6,722,,,,,,,,,,,,,,,,,,,,,,,,,,,,
500266,南京新汇泽文化传播有限公司,3432.2,2710,2690.4,2563,2014.2,1517,1933,1565.6,2044.4,1046.8,1348.6,1288.6,548.8,1268,796,965.4,703.7,662.2,881,419.2,393.9,442.2,405.7,250,441.8,115.4,128,165.6,91,,,,,,,,,,,,,,,,,,,,,,,,,,,,
500083,北京众创汇嘉文化传播有限公司,301.8,122.76,486.2,317.8,250.1,269.4,129,83.2,122.3,191.4,158.6,839,626.52,553.6,695.28,691,252.8,430,113,111.2,357.2,241.64,191,68.8,202.2,54.8,97,110,56.4,,,,,,,,,,,,,,,,,,,,,,,,,,,,
500592,河南木子文化传播有限公司,637,580,1430.16,1465.2,1149.6,1658.6,419.4,350.8,695.4,892.4,792.6,857.8,398.4,470.57,894.84,805,542.9,918.1,280.8,317.8,376,386,209.8,364.2,335,334.3,847.2,925,561,,,,,,,,,,,,,,,,,,,,,,,,,,,,
500361,四川昕昀文化传播有限公司,2440.8,974.2,1450.6,996,1089.4,1224.6,756.7,809,621.4,557.4,553.5,656.4,659.02,317,277.8,277.6,434.5,361.3,266,215.6,202,172.4,152.2,175.4,200.6,33,63,167.8,69.2,,,,,,,,,,,,,,,,,,,,,,,,,,,,
500358,武汉博大三六五文化传媒有限公司,765.8,674.8,1343.6,931,786.2,753.4,1061.86,907.8,1702.8,514.3,509.8,554.6,715.1,501.8,677.44,230,382,198.2,203.36,84.8,131.8,117.8,108.2,140,125.5,171.38,113,107.2,171,,,,,,,,,,,,,,,,,,,,,,,,,,,,
500397,潍坊博雅图文制作有限公司,192.8,195.4,249.98,909.2,1929.8,1093.4,41.4,490,255,213,268.6,384,261.2,532,316.1,347,989.2,586.6,10.8,28.2,14.8,16,36,87,65.5,92,90.8,82,57.6,,,,,,,,,,,,,,,,,,,,,,,,,,,,
500374,河南思而行文化教育科技有限公司,64,8,176,104,273.4,836.8,288,112,392,224,432,339.2,172.8,246.4,119.2,16,745.6,44,32,32,8,64,216,184,16,64,160,16,8,,,,,,,,,,,,,,,,,,,,,,,,,,,,
500270,哈尔滨市朝之夕图书经销有限公司,89,26.8,23,104,58,68,17,9,10,9,12,16.2,12,0,256.4,384.2,423.4,408.3,16,14,21,23,45,132.2,30.4,112,98.2,61.2,23.2,,,,,,,,,,,,,,,,,,,,,,,,,,,,
500351,武汉奥赛王文化有限公司,680.4,187.4,759.2,514.8,378,1305.4,138,256,246.2,31,521.86,233,276.8,191.9,224,69,51,125,243.9,90,80,38,243,201,441,1092.8,226.2,250.8,166.8,,,,,,,,,,,,,,,,,,,,,,,,,,,,
500218,广西励民教育发展有限公司,43,45,41,877.63,489.8,1406.6,21,19,0,6,0,5,0,9,34,339.7,294,750.4,34,22.2,12,8,10,5.2,17.6,35.2,55.2,22.6,31,,,,,,,,,,,,,,,,,,,,,,,,,,,,
500211,南京冠途文化传播有限公司,1951.2,681.6,2102.4,1830,1342.8,848.4,267.6,129.6,355.2,819.6,921.6,84,139.2,55.2,84,235.2,72,122.4,36,69.6,108,207.6,153.6,24,42,0,63.6,87.6,18,,,,,,,,,,,,,,,,,,,,,,,,,,,,
500100,山西瑾鹏教育科技发展有限公司,186,26.4,1068.8,1306.2,1012.6,508,77,49,83,402.8,52,168,43,19,311.4,294.4,84,18,22,12,164,211.4,98.6,72,3179,540,513,4689.4,586,,,,,,,,,,,,,,,,,,,,,,,,,,,,
500391,四川华夏万卷文化传媒股份有限公司,233.2,85.4,130.96,135.34,320.99,55.4,288.9,133.8,134.4,77.7,165.3,82.9,240.1,71.5,84.05,16.6,70.3,59.3,42.2,82.4,53.8,68.5,50.6,1,59.2,0.1,35.97,20,33.1,,,,,,,,,,,,,,,,,,,,,,,,,,,,
800015,山东科学技术出版社有限公司,21,0,122,0,200.96,4,19,151,223.2,257.76,89,221.96,186,191,80.44,179.2,10,0,10,0,20,10,16,12,0,0,14,128,10,,,,,,,,,,,,,,,,,,,,,,,,,,,,
500395,河南洪文教育文化传播有限公司,499.8,628.8,674.4,588.8,709.8,174.6,135.6,45.6,51.6,52.8,30,78,27,153,242.6,111,70.8,30.6,9,0,7.5,9,11.7,4,34.8,2,10.5,4.6,12,,,,,,,,,,,,,,,,,,,,,,,,,,,,
500292,河南晨勤文化传媒有限公司,269.4,122.2,169.4,270,224,264.8,124,96,121.2,85,94.6,92,52,55,116,73,105.7,61,17.8,17.2,20,12,5,20.2,15,2,34,29,36.5,,,,,,,,,,,,,,,,,,,,,,,,,,,,
500388,高途教育科技集团有限公司,41,25,48,131,242,40,7,19,18,24.2,17,39.8,19,76,6,135.8,19.2,14,14,13,7,6,131,4,0,0,0,4,6,,,,,,,,,,,,,,,,,,,,,,,,,,,,
500084,天津择数文化传媒有限公司,74,50,143,66,51,68,92.4,50,27,41,17,3,24,30,50,30,28,15,14.8,43,29,5,45,182,0,0,0,0,0,,,,,,,,,,,,,,,,,,,,,,,,,,,,
800006,江西教育出版社有限责任公司,6,82.4,26,20,14,34,25.2,26,10.8,17,10,29.2,55,62,3,25.2,4,104.4,0,0,6,3.6,42,83,0,0,0,0,3,,,,,,,,,,,,,,,,,,,,,,,,,,,,
500353,陕西权度教育研究院有限公司,174,262.4,164,121,155.4,160.8,68,13.8,28.8,33,6,26,21,8,102,67,66,19,6,0,12,0,0,0,43,0,0,0,0,,,,,,,,,,,,,,,,,,,,,,,,,,,,
500585,华翰文化图书（广州）有限公司,32,9,9,30,9,245.8,6,3,148,57,9,51.8,0,99,16.8,18,18,10.8,7.8,15.6,12,42,91.8,3,0,0,12,6,6,,,,,,,,,,,,,,,,,,,,,,,,,,,,
500637,河南学思文化传播有限公司,0,0,0,0,0,0,0,0,0,0,0,0,0,0,0,0,0,0,0,0,0,171,47,1065.18,379.3,12,18,10.8,0,,,,,,,,,,,,,,,,,,,,,,,,,,,,
500295,滨州稼和明文化传媒有限公司,202.4,112.77,180,89,87.4,32,100.57,64,120,25.1,48.2,94.6,14.2,49.2,14.2,66.4,8,10,0,4,8.4,5,32.6,24,6,0,0,0,2,,,,,,,,,,,,,,,,,,,,,,,,,,,,
500591,南京诺文文化传媒有限公司,358,38,118,32,56,34,18,18,62.8,114.4,44,36.8,33.6,14,10,10,16,6,6,2,18,4,50.4,2,2,3.6,0,0,0,,,,,,,,,,,,,,,,,,,,,,,,,,,,
500382,北京安丰文化有限公司,64.08,0,0,4,0,4,57.2,8,29.6,10,0,0,40.4,0,0,0,12.8,16.8,28.8,0,0,14.8,0,2,2,0,0,12.8,0,,,,,,,,,,,,,,,,,,,,,,,,,,,,
500290,西安华梦文创科技有限公司,48,12.8,73.8,14,11.8,22,40,13,55.4,29,29.8,15,18,5,6,5,3,8,8.5,9,13,3,6,6,0,0,4,0,0,,,,,,,,,,,,,,,,,,,,,,,,,,,,
500587,陕西中教创联文化发展有限公司,22,22.2,41.2,36.2,17,14.6,23,12,16,19.2,56,138.8,7,11,4,16,5.6,4,4,0,10.8,0,4,2,4,2,3.2,0,0,,,,,,,,,,,,,,,,,,,,,,,,,,,,
500366,北京鑫奥播教育科技有限公司,8,0,47,0,28,18,6,5,0,13,6.4,0,0,15.8,17,8,7.2,1,9,2,1,0,6,0,8,0,108,8,0,,,,,,,,,,,,,,,,,,,,,,,,,,,,
800014,天津科学技术出版社有限公司,34,0,39,14,16,0,60,8,8,6,19,36.5,0,0,0,10,12,0,0,0,22,0,0,0,0,0,0,0,10,,,,,,,,,,,,,,,,,,,,,,,,,,,,
500367,广东华考学业测评科技有限公司,25,5,15,0,0,10,0,0,0,10,0,25,10,0,5,0,0,0,0,0,5,0,0,0,5,0,0,5,0,,,,,,,,,,,,,,,,,,,,,,,,,,,,
500373,广东轻易考科技有限公司,0,0,0,2,0,4,2,0,10,5.2,2,0,0,0,2,0,0,0,4,0,6,2,4,0,0,0,4,0,0,,,,,,,,,,,,,,,,,,,,,,,,,,,,
500413,辽宁九章状元文化科技有限公司,41,63,0,0,0,0,0,0,0,0,0,0,0,0,0,0,0,0,0,0,0,0,9,0,0,0,0,0,0,,,,,,,,,,,,,,,,,,,,,,,,,,,,
500212,保定桃李源文化传播有限公司,0,0,0,0,0,3,0,0,0,0,0,0,0,3,0,0,0,0,0,0,0,0,0,0,0,0,0,0,0,,,,,,,,,,,,,,,,,,,,,,,,,,,,
500394,五好信息科技（济南）有限公司,663.06,931.8,1034.58,663.1,714.8,681.93,371.63,66.2,109.28,29,18,0,0,0,0,0,0,0,0,0,0,0,0,0,0,0,0,0,0,,,,,,,,,,,,,,,,,,,,,,,,,,,,
500589,广州润德文化传播有限公司,42,0,0,0,0,0,0,63,0,0,0,0,0,0,0,0,0,0,0,0,0,0,0,0,0,0,0,0,0,,,,,,,,,,,,,,,,,,,,,,,,,,,,
500418,山东云墨文化有限公司,0,0,0,4,0,0,0,0,0,0,0,0,0,0,0,0,0,0,0,0,0,0,0,0,0,0,0,0,0,,,,,,,,,,,,,,,,,,,,,,,,,,,,
500588,山东传美图书文化有限公司,1182.44,344.2,834.41,880.61,760.26,675.64,543.35,93.2,371.95,320.78,354.1,424.2,260,97.4,138.2,220,258.6,286.4,93.1,61,316.85,85,183.2,101,32.56,14,29,4,72.1,,,,,,,,,,,,,,,,,,,,,,,,,,,,
500635,杭州华恩教育科技有限公司,0,0,0,0,0,0,0,0,0,0,0,0,0,0,0,0,0,0,0,0,0,0,0,0,0,0,0,0,0,,,,,,,,,,,,,,,,,,,,,,,,,,,,
500634,淮安亮程文化传媒有限公司,0,0,0,0,0,0,0,0,0,0,0,0,0,0,0,0,0,0,0,0,0,0,0,0,0,0,0,0,0,,,,,,,,,,,,,,,,,,,,,,,,,,,,
500357,梁山县鸿福雁书苑有限责任公司,758.4,255,428.8,532.6,356.6,110,79,46.6,75.4,152,292.6,301,345.2,204,142.4,539,67.6,117.4,19.2,11,112,63.6,45,18,17,49,22.8,66.4,4.8,,,,,,,,,,,,,,,,,,,,,,,,,,,,
500350,潍坊学海文化传媒有限公司,1122,112.8,160.5,237.8,127,187.4,286.2,190.4,490.5,369.6,212.2,506.6,217,96.8,78.8,55.8,90.2,53.4,69.4,53.6,60.4,39.7,59.6,36.6,89.4,11.4,8,4,12,,,,,,,,,,,,,,,,,,,,,,,,,,,,
500106,河南捷睿必达教育科技有限公司,1037.8,435.2,601.6,352,405.2,205,232.6,240.8,260.4,325.4,282.2,214,112.8,62.8,53,41,73.6,55.6,54.2,28,49.2,61.1,87.8,35,21.6,8,2,5,3,,,,,,,,,,,,,,,,,,,,,,,,,,,,
800016,广州出版社有限公司,203,97.12,58.6,29,8,14,10,0,6,4,51.69,0,27,151.92,176.6,35,5.2,6,9.6,0,0,4,0,0,10,4,24,0,5.6,,,,,,,,,,,,,,,,,,,,,,,,,,,,
500375,阳谷县一诺书业有限公司,175.8,119,20,36,30,88,87.2,119.38,17,22,73,49.8,114.6,14.6,5,2,99.1,4,17.2,10,12,26,15.2,5.8,25,2,6,0,0,,,,,,,,,,,,,,,,,,,,,,,,,,,,
500273,金华春国教育科技有限公司,24,183,85,40.8,56.8,14,46,23.8,30,46,29.8,27,16,76,65,92,16,0,4,2,13.6,7,15,4.7,2,0,0,8,4,,,,,,,,,,,,,,,,,,,,,,,,,,,,
500402,北京华企之星科技发展中心,51,26,37,45,4,9,0,0,3,14,0,9,10,0,120,8.6,4.8,0,0,0,0,11,4,0,0,0,0,0,0,,,,,,,,,,,,,,,,,,,,,,,,,,,,
500421,陕西龙飞虎腾文化有限公司,10,119.4,21,102,95.8,9,3,21,31,28,39,32.8,0,32,3,9,0,4,32.59,0,32,0,37,10,0,3,11,12,0,,,,,,,,,,,,,,,,,,,,,,,,,,,,
900003,隆尧县新华路龙之阁书城,10,0,2,0,0,0,19.8,58,52,71.8,69.8,21,0,0,6,0,0,0,25.8,26.8,43,19,15,3,2,0,0,0,0,,,,,,,,,,,,,,,,,,,,,,,,,,,,
500387,陕西志立文化发展有限公司,12,2,14.2,10,32,2,22.6,6,15,0,7,9,3.2,5,6,0,0,0,11.4,0,0,0,3,0,3,0,3.2,6,0,,,,,,,,,,,,,,,,,,,,,,,,,,,,
500380,西安广龙文化传播有限责任公司,9,3,0,2,12,20,2,2,0,0,0,2,0,0,0,0,0,6.4,2,0,0,0,0,0,0,0,0,5,0,,,,,,,,,,,,,,,,,,,,,,,,,,,,
500355,邯郸市集域文化传播有限公司,2,0,0,0,0,0,10,0,0,0,0,0,0,0,0,0,0,2,0,0,0,0,4,0,0,0,0,0,0,,,,,,,,,,,,,,,,,,,,,,,,,,,,
500278,菏泽云睦图书有限公司,0,0,0,0,0,0,0,0,0,0,0,32,0,0,0,0,0,0,0,0,0,0,0,0,0,0,0,0,0,,,,,,,,,,,,,,,,,,,,,,,,,,,,
500403,立学立德河北教育科技有限公司,0.1,0,0,0,0,0,0,0,0,0,0,0,0,0,0,0,0,0,0,0,0,0,0,0,0,0,0,0,0,,,,,,,,,,,,,,,,,,,,,,,,,,,,
500647,北京沧浪文化发展有限公司,0,0,0,0,0,0,0,0,0,0,0,0,0,0,0,0,0,0,0,0,0,0,0,0,0,0,0,0,0,,,,,,,,,,,,,,,,,,,,,,,,,,,,
500643,新乡市书阶文化传媒有限公司,0,0,0,0,0,0,0,0,0,0,0,0,0,0,0,0,0,0,0,0,0,0,0,0,0,0,0,0,0,,,,,,,,,,,,,,,,,,,,,,,,,,,,
500661,江苏壹学知道文化传媒有限公司,5078.58,5105.49,5600.52,4306.73,5036.4,5698.63,2307.07,1533.2,1312.6,1048.6,8212.2,13843.2,11048.89,10000.08,9637.5,8843.4,13171.5,12235.06,8188.62,3046.76,4141.42,5828.8,10784.41,11907.42,5837.64,4219.4,4959.74,6089.68,7291.42,,,,,,,,,,,,,,,,,,,,,,,,,,,,
500309,武汉睿芯教育科技有限公司,16480.79,7728.94,9121.27,7171.13,9687.69,41117.61,16158.34,9582.19,5923.7,5539.56,4854.49,6167.35,4815.66,4086.86,8789.24,7220.22,7232.55,34837.56,10461.25,4950.1,1858.25,1380.5,1518.1,2150.3,3435,2345.1,3203.59,2154.91,3082.92,,,,,,,,,,,,,,,,,,,,,,,,,,,,
500323,浙江良品图书有限公司,11333.23,7128.98,8198.6,7796.25,8706.31,7465.7,12094.38,7204,5494.9,4480.88,4270.88,4639.4,4329.9,4812.1,4070.58,3471.88,3552.6,3905.39,3296.64,3663.76,5740.48,5361.84,4650.7,6672.46,3280.8,1579.8,1889.96,1395.2,1073,,,,,,,,,,,,,,,,,,,,,,,,,,,,
500356,北京龙腾八方文化有限责任公司,2595.09,3311.8,9374.2,4209.83,4196.67,5858.11,4058.8,2760.6,5692.7,5146.6,3416.3,2870.03,2321.2,3916.3,6384.22,3883.1,2347.8,2471.4,1710.8,1115.8,6562.52,2488.5,2067.2,1176.2,1082.5,763.9,6179.14,2365.26,810.84,,,,,,,,,,,,,,,,,,,,,,,,,,,,
500163,大连众里文化发展有限公司,9021.63,3389.62,10137.8,9934,12445.6,15214.04,6718.38,4304.8,4013.5,3898.04,3336.71,4748.58,3936.04,3477.06,3943.9,5686.92,5879.9,6190.1,1807.66,1093.48,1150.45,792.8,973.5,812.3,1344.8,598.8,1177.38,772.9,782.86,,,,,,,,,,,,,,,,,,,,,,,,,,,,
800020,武汉华大鸿图文化发展有限责任公司,4359.83,3247.95,2889.09,2591.65,1967.83,1509.04,2432.64,1580.42,2125.65,1764.56,6972.27,4775.51,3406.6,2768.9,2522.26,2013.5,2204.92,4103.13,4910.3,2832.89,1658.97,1551,3539.1,3376.66,1796.5,2208,1598.4,753.3,1798.5,,,,,,,,,,,,,,,,,,,,,,,,,,,,
500175,山东国中教育科技有限公司,1623,1734.2,1403.27,865.4,624.8,883.06,5020.6,3732,4772,3589.6,3714.44,2272.2,2035,3220.4,2484.1,2218.9,2397.8,1763.32,2612.5,3881.77,3702.3,1571.52,1937.64,1675.8,767.2,399.1,930,397.6,596.82,,,,,,,,,,,,,,,,,,,,,,,,,,,,
500645,山东世纪育才文化传媒有限公司,701.6,431.8,588.8,739.6,828,1075.2,2235.8,2307.4,4710,5443,4160.8,4037.2,1634.4,1361.3,1693.1,1707.2,1747.32,988.7,1254,631.54,629.5,521.2,510.2,517.8,363.9,271.8,178.6,134.4,228.8,,,,,,,,,,,,,,,,,,,,,,,,,,,,
500644,广东文晖文化传播有限公司,3365.6,1534.6,2041,5509,3635.2,4095.8,1528.8,892,720.6,1185.6,1316.2,1505,649.2,627.8,1078.8,1759.6,2003.8,1143.56,148.2,161.4,420,931.8,828.6,567.2,249.6,167.6,208.8,587.4,853.4,,,,,,,,,,,,,,,,,,,,,,,,,,,,
500630,陕西昊天图书发行有限公司,810,950.8,1779,1965.2,2337.2,2671.2,1609.4,1381.4,1358.28,823.2,795.43,896.52,473.6,774.8,701.3,1191.6,963.7,936.5,537.8,519.7,339.2,505.6,516.1,801.4,299,238.6,689,408.4,376.4,,,,,,,,,,,,,,,,,,,,,,,,,,,,
500362,成都林鸿创客图书有限公司,658.69,221.5,358.4,613.29,377.7,2632.6,4041.95,1943,1004.5,901.2,923.03,553.6,563,229.2,203.1,114.2,96.6,387.8,508,160.2,231.1,284.4,264.8,330.4,119.6,61.6,60.6,66.8,40.4,,,,,,,,,,,,,,,,,,,,,,,,,,,,
800022,华语教学出版社有限责任公司,1031.74,514.8,464.4,511.2,459.9,1134.08,781.45,494.02,589.1,315.8,418.6,321,431.17,334.61,239.04,275.6,225,202.5,148.66,84.9,185.9,253.37,272.15,63,13.2,11,126.33,25.6,9,,,,,,,,,,,,,,,,,,,,,,,,,,,,
500369,湖南汇星源文化传播有限公司,664.2,322.5,1103.5,1141.6,764,935.8,383.7,213.6,383.5,434.4,328,272.8,257.2,334.01,407.7,298,236.1,239.4,212,137.2,95.4,151.3,66.9,46,32.8,8,43.2,42,53.51,,,,,,,,,,,,,,,,,,,,,,,,,,,,
500261,山东正禾大教育科技有限公司,17993.98,29586.3,41643.64,31101.8,24662.11,18489.33,24638.7,17674.3,31203.7,21679.3,34965.2,39793.9,21131.48,30091.2,44631.6,24596.23,20648.8,14252.05,18547.53,11407.24,9425.5,15129.6,26951.36,40407.96,25764.45,19818.62,40414.34,22872.17,16554.6,,,,,,,,,,,,,,,,,,,,,,,,,,,,
500179,洛阳朝霞文化股份有限公司,46661.8,6776.56,13999.02,18027.33,29102.63,65771.2,15129.31,9589.8,9560.63,14477.6,16855.5,30238.04,42105.29,10581.83,16430.97,19041.64,21254.94,63923.15,13195.47,7133.02,8142.62,10355.1,11789.87,14113.04,35069.24,5747.24,5964.32,11317.08,13162.6,,,,,,,,,,,,,,,,,,,,,,,,,,,,
500312,江苏通典文化传媒集团有限公司,10324.82,6651.2,7837.67,13710.49,15107.2,16594.13,13359.09,9299.19,8337.7,4063.2,18340.3,20612.2,12571.3,6984,12994.92,20095.43,20648.48,16230.32,19893.88,8666.2,19190.81,16417.36,13229.02,14591.99,8385.04,4355.2,5368.94,12267.68,11416.68,,,,,,,,,,,,,,,,,,,,,,,,,,,,
500232,洛阳品学文化传播有限公司,12047.4,3138,10537.2,10464,9752.4,12779.34,4847.5,3535.49,16014.7,16437.32,12832.19,33481.36,16788.6,5595.55,7059.35,8983.28,8711.02,36018,5901.7,3815.3,9954.24,7644.68,7840.12,21132.27,19061.94,3522.5,4176.8,8973.68,9454.68,,,,,,,,,,,,,,,,,,,,,,,,,,,,
500299,山东众旺汇金教育科技有限公司,23864.38,18355.52,22904.74,18555.34,17371.69,12039.25,12583.48,8647.42,9555.8,12622.63,10139.36,10970.8,15004.26,17291.8,13071.58,7617.84,8183.6,6307.8,8377.22,7521.1,15723.8,8933.33,11789.62,11719.54,9161.87,5042.9,6513.99,3848.01,3709.7,,,,,,,,,,,,,,,,,,,,,,,,,,,,
500318,湖北盈未来教育科技有限公司,12424.12,12130.5,21499.07,13458.5,11636.8,8284,10220.51,9765.4,20576,23320.5,18916.4,21211.8,7584.01,9627.04,15330.62,13383.64,13390.69,9273.58,7950.47,5144.96,19173.42,24710.52,20007.89,23025.54,11597.68,3157.58,5904.28,17554.6,17210.96,,,,,,,,,,,,,,,,,,,,,,,,,,,,
500189,陕西炼书客图书策划有限公司,16275.92,8187.69,16700.4,17759,14710.5,9032.2,3329.34,2129.6,2132.66,1672,2127.6,3239.2,3818.4,5982.9,16971.84,20180.66,20656.75,14196.24,3897.44,2563.2,3152.06,4027.3,4738.3,6076.88,11960.89,13863.32,18373.02,17274.94,15002.8,,,,,,,,,,,,,,,,,,,,,,,,,,,,
500629,山东荣景教育科技股份有限公司,5228.67,2095.3,5375.02,3519.2,10516.8,10337.5,5763.54,3725,3954.93,6347.6,4721.9,5869.7,2957.8,3171.8,2830.8,9053.98,17977.06,10700.5,5441.9,2774.06,6590.92,10435.93,16984.6,24022.67,10564.24,4889.92,4072,3059.03,4151.9,,,,,,,,,,,,,,,,,,,,,,,,,,,,
500660,洛阳可馨文化传播有限公司,7570.71,384.2,575.8,583.8,2672.4,8150.6,1475.2,827.6,1257.8,705,1450.2,7679.8,2892,360.48,749.1,2716.7,11514.73,26015.75,4126.5,2488.7,2754.3,6746.49,6682.2,10405.91,10677.7,793.1,4651.4,5322.5,3473.54,,,,,,,,,,,,,,,,,,,,,,,,,,,,
500352,成都合力敬成实业有限公司,819.1,128,446.8,468.8,435.5,512.3,635.6,426.5,1823,1234.5,876.6,553.4,80.4,93.8,290.7,128.5,66.1,55.8,120.68,62.2,380.8,155.8,176.8,166.4,8,13.8,38.35,106.8,56,,,,,,,,,,,,,,,,,,,,,,,,,,,,
500210,河北斗米文化传媒有限公司,24.74,6,13,12.2,2,26,2638.4,2845.2,1818.6,1367.2,1296.8,1531.6,2850.2,3084.4,2519.7,3687.19,3406.29,2467.6,3043.52,1893,1628.08,2523.3,2777.18,4837,6320.7,5645.1,8187.57,7830.6,9475.9,,,,,,,,,,,,,,,,,,,,,,,,,,,,
800025,长江少年儿童出版社(集团)有限公司,282,197,784.4,355.4,335.4,407.8,189.4,143.8,367.04,260.18,281.4,357.6,198,161.7,346.8,141.6,176.6,115.8,121.33,24.2,29.4,89.6,97.8,90,71.6,51.6,46.8,36,30,,,,,,,,,,,,,,,,,,,,,,,,,,,,
500656,洛阳芸熙文化传媒有限公司,9779.2,1149.2,1541.46,1615.8,2014.8,7685.15,2943,1453.8,728.8,850,860.6,12069.4,3322.2,542.4,553.6,675.34,998.2,16811.58,1636.9,838.4,414,294.1,523.35,5972.08,9114.1,466.7,548.9,549.8,4994.3,,,,,,,,,,,,,,,,,,,,,,,,,,,,
500330,河南鹤翔图书有限公司,3641.75,1023.72,574.1,380.5,929.9,2196,2892.31,920.6,537.8,3212.6,3309.6,3193.43,4500.7,617.7,456.72,654.8,1146.8,3224.8,2175.93,709.6,1297.7,887.4,691,3490.49,1878.42,519.5,291.6,1181.2,731.6,,,,,,,,,,,,,,,,,,,,,,,,,,,,
500633,广州教与学文化发展有限公司,5579,2124.4,4210.4,7818,7556.8,5091.8,1974.8,1146.6,4848.8,4674.8,4385,5276.4,2346,3007.6,5555.04,5106.66,5014.91,4955.84,921.9,1014.9,2608.32,1864,4654.36,5993.7,4551.84,826.2,4931.58,2425.9,2493.78,,,,,,,,,,,,,,,,,,,,,,,,,,,,
500478,湖北猎豹教育科技有限公司,1990.74,961.17,5528.6,4301.83,3448,1731.6,1097.96,1210.72,1214.9,4437.7,3365.8,4219,1825.9,1139.6,1317.5,3743.18,2758.56,1978.4,1611.82,1031.5,1200.44,824.4,1373.9,1463.8,1007.4,900.9,1300.6,914.8,648.98,,,,,,,,,,,,,,,,,,,,,,,,,,,,
500617,理想众望教育科技（北京）有限公司,0,0,0,0,5809.8,3483.6,1638.6,2210.4,4270.2,2353.2,1863,2979,1737.6,1858.2,1711.14,829.8,564.6,1332.3,913.2,2343.78,2715.52,1900.4,1464.2,1684.7,1158,479.6,651.4,464.8,274.4,,,,,,,,,,,,,,,,,,,,,,,,,,,,
500602,洛阳云鹏文化传媒有限公司,2447.06,820.58,482.81,544.8,2517.2,4303.2,692.4,485.6,299.6,197,251.6,526.2,1089.4,1106.8,1294.3,1446.8,3791.22,5605.18,867.8,303.12,199.8,71,111.6,92,188.6,180.9,248.4,226.18,264.8,,,,,,,,,,,,,,,,,,,,,,,,,,,,
500336,山东海之星图书有限公司,700.17,507.8,782.8,441.6,349.6,1176.22,563.8,225,1132.12,373.21,435.6,251.6,248.74,294.4,225.18,89.68,145.88,97,21,11,52.2,143,83.72,16,0,0,22.2,6,8,,,,,,,,,,,,,,,,,,,,,,,,,,,,
500224,北京众和永泰文化传播有限公司,786.74,337.26,1161.07,895,419.8,526,240.5,551,1715.1,1482.5,1284.5,3485.6,915.2,788.6,1319.2,907.1,1066.3,1611.8,972.42,266.9,916.8,785.3,830.2,747.8,1116.3,635.8,1188.34,992.68,950.6,,,,,,,,,,,,,,,,,,,,,,,,,,,,
500609,呼和浩特市经纬方舟文化传播有限公司,1168.3,1051.3,893,1124.2,1388.9,1864.2,1254.5,921.4,1250.78,905.6,1106.6,1344.3,733.8,388,752.5,1256.6,1657.6,1463.4,1506,739,489,359.08,533,793.8,882.45,752.6,1399,1824.2,2262.5,,,,,,,,,,,,,,,,,,,,,,,,,,,,
500314,长沙零起点文化传播有限公司,382.8,452.37,395.74,2306.34,4102.2,861.6,663.6,739.2,579.8,480.88,549.2,264.8,877.4,247,217.8,2434.9,1417.6,638.8,451.5,374.2,407.4,246.8,365.8,383.2,352.4,176.4,330.8,3574.4,1968.8,,,,,,,,,,,,,,,,,,,,,,,,,,,,
500229,幼狮文化创意（山东）有限公司,389.6,88,1922.8,580.6,790.8,928.6,1411,1046.2,1107.2,1055,1043,870.2,775.6,327.2,399.4,375.2,427.1,697.51,1076.04,701.6,454.6,332.7,307.4,301.8,161.88,207.4,394.6,178.6,275,,,,,,,,,,,,,,,,,,,,,,,,,,,,
500209,北京成大文教科技有限公司,4,4,4,8,2,4,0,0,693.4,1159.2,902.8,1002.2,699.8,815.3,746.8,277.6,523.2,346.4,298,631.8,326.8,361,228,153.2,116.4,84,98.4,205,87.2,,,,,,,,,,,,,,,,,,,,,,,,,,,,
500164,太原四季文化图书有限公司,1181.4,585.33,634.5,485.97,620.02,928.29,1303.94,472.56,613.3,462.65,368.03,339.7,351.2,467.3,430.89,175.1,203.66,314.3,567.9,238.79,213.64,543.38,470.88,231.85,234.45,199.7,1526.6,1828,2067.4,,,,,,,,,,,,,,,,,,,,,,,,,,,,
500622,库课文化科技股份有限公司,1395.8,1034.6,1386.6,197,423.2,227.8,289,180,326.2,868.6,965.6,699.7,548.4,993.2,493.8,394.2,351.2,92,162.2,349,197.7,334.3,409,363.7,851.4,325.4,956.92,224,85.8,,,,,,,,,,,,,,,,,,,,,,,,,,,,
650349,中学生数理化高中版编辑部,668.64,345.5,626.6,542.18,444.3,398,398.1,387,476.8,481.1,774.2,733.1,546.4,497.69,643.98,436.7,667.7,872.5,244.7,372.7,541.5,271,452.65,392.5,354.1,362.4,231.26,333.6,360.28,,,,,,,,,,,,,,,,,,,,,,,,,,,,
500590,深圳启睿文化传播有限公司,417.6,271,794.48,766.8,776.4,456.6,131.4,146,26,28,21,91.6,88,323,270,163.28,119,162.5,18,8.4,8,16,22.6,23.4,10.6,107,42.2,117.6,71.8,,,,,,,,,,,,,,,,,,,,,,,,,,,,
500333,山西臻蜀渊图书有限公司,0,5,0,0,0,5,0,0,10,0,0,10,0,35,66,191,774.5,115,35,0,10,5,1091,326,40,0,33,10,26,,,,,,,,,,,,,,,,,,,,,,,,,,,,
500596,山西智想文化发展有限公司,116.4,51,11,123,12,740.8,295.6,156.8,154,144.42,148.8,160.8,170.02,170.02,203.03,601.6,104,416.4,85.8,93,102.9,68.6,186.8,975.2,2463.1,2223.4,10241.32,4044.48,3139.02,,,,,,,,,,,,,,,,,,,,,,,,,,,,
500202,河南领扬文化传播有限公司,704.6,161.8,311,457.26,898.6,3105.8,303,101.2,42,53,361.6,536.2,212.6,157,219.4,168.3,608.8,614,88.32,58,20,20.8,10,39.6,85,31.8,19,234.4,863.5,,,,,,,,,,,,,,,,,,,,,,,,,,,,
500620,北京青桐鸣文化发展有限公司,0,0,0,0,0,8,60.97,0,0,0,4,4,0,0,0,0,0,0,0,15.36,0,0,2065.14,774,1998,270,30,30,24,,,,,,,,,,,,,,,,,,,,,,,,,,,,
500258,陕西翰文图书精典发行有限公司,525.9,358.94,546.6,523.77,364.63,708.6,400.6,200.1,482.2,277.1,197,263.7,254.9,145.42,176.5,69,206.4,256.2,133.6,86.6,65,69,71.4,36,83.29,9.9,63.97,7,59.2,,,,,,,,,,,,,,,,,,,,,,,,,,,,
800018,苏州大学出版社有限公司,433.4,407.6,565.8,358.8,531.4,311.47,809.95,464.58,392,297.4,350.4,240,93.2,281.4,301.4,169.7,159.8,209.4,191.32,122.4,55.2,74.88,173.6,72.4,57.6,58.8,172.2,64,38,,,,,,,,,,,,,,,,,,,,,,,,,,,,
500597,广州书友图书有限公司,37,4,0,8,0,0,809.2,568.8,986.2,309.2,95,412.8,101.4,150,216.4,233.4,79,12,26,24,72.1,38,35,26,25.8,29,8,8.8,13,,,,,,,,,,,,,,,,,,,,,,,,,,,,
500618,河南智熊文化科技有限公司,718.68,670.69,1024.6,933,769.6,504.2,169.6,352,243,154.4,311.8,134.4,371,245.2,166.2,113.8,171.2,123.1,32,16.6,11,24,33,10,2,21,28,53.8,20.8,,,,,,,,,,,,,,,,,,,,,,,,,,,,
500344,山东得佑图书发行有限公司,532.8,215.16,235.2,207.8,141.4,223,250.6,246.8,38,55.4,84.8,169.8,249,116,187.5,134,74.5,71,18,91.8,7.2,85,15.2,18,63,5,12.8,11,4,,,,,,,,,,,,,,,,,,,,,,,,,,,,
500223,山东诸子百家文化传媒有限公司,1190.49,132,27,112.6,105.6,692.6,219.4,108.6,214.2,286.8,254,457.6,341,7,50,16,36,148.2,33.6,60.2,19.8,62.8,66,79,57,8,0,9,4.8,,,,,,,,,,,,,,,,,,,,,,,,,,,,
500328,北京云画星空文化传媒有限公司,392.6,195.8,339.66,231.3,285.6,230.4,339.76,70.2,71.5,250.19,80,120.5,94.3,109.9,34,86.3,103.1,145.39,38.1,14.1,15,57,17,14,13.5,73.8,22,5.8,1,,,,,,,,,,,,,,,,,,,,,,,,,,,,
500324,湖北先锋文化传媒有限公司,691.6,121.6,376.2,298.4,308.4,318.6,102,39.2,29,47.8,79.4,84.6,69.2,106.2,194.2,77,100.4,85.2,39,14.4,9.2,29.2,40.4,14,11,14.4,33.2,32.2,32,,,,,,,,,,,,,,,,,,,,,,,,,,,,
500639,山东聊城润学书业有限公司,640.9,154,49.8,39.8,48,34.4,166.8,64.8,27,47.6,55.8,391.2,358.74,47,43.8,10,3,72.6,27,23,40,6,13,115,47.4,7,0,0,6,,,,,,,,,,,,,,,,,,,,,,,,,,,,
500626,四川悟行高远教育科技有限公司,196,180,509.4,393.6,238,157.8,87,66.4,272.6,163.4,114.2,43.4,79,91,209.4,74,51.5,38,13.8,17.4,50.8,42,28,12,18.4,16,38.4,50.4,12,,,,,,,,,,,,,,,,,,,,,,,,,,,,
500614,武汉荷尖尖图书有限公司,290.6,206,260.8,159,163.8,228.1,53,131.6,321.6,224.6,416.8,112.4,52.2,53,66,58,69,44.4,42,38.2,65.8,62.6,53,42.6,20,18.2,2,11,4,,,,,,,,,,,,,,,,,,,,,,,,,,,,
500307,内蒙古京北贸易有限公司,90,27.2,159.8,156.6,157.6,127.8,38.2,24.2,25.4,62.2,49.6,37.8,25,45.4,72.8,87,63.6,38,12,17,20,21,39.9,29.6,14.8,14,26,38.8,14,,,,,,,,,,,,,,,,,,,,,,,,,,,,
500605,陕西书悦文化传播有限公司,143.3,136.1,131.5,80.5,80.6,44.5,25.5,2.5,8,10.5,30.1,13,92.4,14.6,145.9,56.5,61,44.6,3,2.5,0.9,0,12,1,7,3.5,10,0,7.3,,,,,,,,,,,,,,,,,,,,,,,,,,,,
500255,山东新坐标书业有限公司,85,49,102,116.2,73,57,72.6,209.11,136,119.6,67,86,54.4,61,93,47,37.8,21.4,29,21,17,11,13,12.2,2,0,9,8,0,,,,,,,,,,,,,,,,,,,,,,,,,,,,
500632,湖北华育文化发展有限公司,228.1,48.5,159,98.2,74.2,24,47.2,41.7,204.34,43,21.8,80.72,47.5,67.5,52.7,43,16.2,106.8,28,19,4,18.5,12,4,39.5,0,0,0,0,,,,,,,,,,,,,,,,,,,,,,,,,,,,
500654,北京时代新文达教育科技有限公司,115.8,62.5,59.5,51.7,231.5,4,37.4,7,2,5,0,0,0,9.5,23.4,0,0,19.8,39.9,376.2,3,30,13,9.9,0,0,0,0,1,,,,,,,,,,,,,,,,,,,,,,,,,,,,
500231,新乡市科艺图书有限公司,163.93,21,40,7,3,12,110.6,24,77.93,35,83,33.8,30,5,0,41.2,54,63.8,34,13.9,78.96,15,22.2,4,0,0,0,2,0,,,,,,,,,,,,,,,,,,,,,,,,,,,,
500316,武汉众帮文化传播有限公司,191.12,116.27,119.37,98.6,184.3,129.4,165.46,97.46,42.5,69.7,60.8,46.2,32,41.5,49.4,29.7,44.2,30.9,54.6,29.6,10,18.5,16.7,114.4,8,6,14,13,6,,,,,,,,,,,,,,,,,,,,,,,,,,,,
500595,陕西励志图书文化传播有限公司,87.2,16,221.72,127.2,103.2,222.69,34.2,37.2,17,10.8,15,28,17.8,10,34.2,61.8,52.8,63,2,11,48.19,7,0,2,7.2,2,2,6,8,,,,,,,,,,,,,,,,,,,,,,,,,,,,
500636,河南省鑫文轩文化发展有限公司,595,275.2,362.6,422.4,296,219,225.2,172,237,230.2,397.2,405.6,218.4,132.8,61.4,39.2,21,85,31.2,20,26.6,37.8,39,2,18,0,0,5,13,,,,,,,,,,,,,,,,,,,,,,,,,,,,
500335,河南长风教育科技有限公司,86.5,137.5,49,233.5,88,27,35,27,78.6,28,54,20,29.2,124.79,132.9,175.5,125.5,49,16.6,38,4,6,8,7,15.8,0,0,0,0,,,,,,,,,,,,,,,,,,,,,,,,,,,,
500359,合肥九州睿达文化发展有限公司,95.8,100,110,73,24,11,58.8,66.8,100,52.8,35,33,18,45.4,84.2,21.4,9.4,0,4.8,3,28.8,27,9.6,4.8,0,6,0,6.4,0,,,,,,,,,,,,,,,,,,,,,,,,,,,,
800021,漓江出版社有限公司,64.5,27.8,19.8,111.4,58.2,88.1,18,2.5,6,59,21,18.2,3,8.9,2,43.75,3,5,0,142,21.3,39.6,46,77.3,0,0,4,7,12,,,,,,,,,,,,,,,,,,,,,,,,,,,,
500615,陕西书雅图书文化传媒有限公司,82,45,103.2,46,25,133,20,0,8,0,0,7,14,45.4,61,6,20.4,69,0,0,0,0,5,10,4,0,30,0,2,,,,,,,,,,,,,,,,,,,,,,,,,,,,
500222,淄博衡石文化传播有限公司,204,22,3,36,72,204,51,3,36,6,24,21.4,103.2,0,0,0,19.8,58.8,6.6,0,6,3,0,7,7,0,0,0,3,,,,,,,,,,,,,,,,,,,,,,,,,,,,
500611,湖北阅泽优文化传媒有限公司,6,79,21,10,5,32.5,22.5,24.5,15.2,6.3,5.5,5,9.3,6.5,12,7.5,0,60.46,8.5,4.5,1.5,0,73.5,9.3,1.5,0,0,0,0,,,,,,,,,,,,,,,,,,,,,,,,,,,,
500642,许昌若比邻文化传播有限公司,87,25,45,146.64,23,16,47.8,23,15.2,8,12,51,6,0.9,14,11,23.2,5,8,62.4,4,3,1,0,0,12,2,2,5,,,,,,,,,,,,,,,,,,,,,,,,,,,,
500282,河南省新优学教育科技有限公司,181,57,25,63,84.8,83,22,33,8,16,0,7,21,5,1.5,5,18,22.4,15.5,14,0,4,8,0,0,0,41,6,3,,,,,,,,,,,,,,,,,,,,,,,,,,,,
500322,山东科速文化传播有限公司,70,8,9.8,20,20.4,13.2,0,0,6,5.2,4.8,0,7.8,3,20,62,0,2,2,2,4,0,0,0,0,0,0,390.8,447.4,,,,,,,,,,,,,,,,,,,,,,,,,,,,
500346,梁山蓝舟文化传媒有限公司,0,0,0,0,6,7,0,76.4,0,6,0,3,4,9,68.6,3,6,9,1,0,3,0,1,0,0,0,0,0,0,,,,,,,,,,,,,,,,,,,,,,,,,,,,
500619,武汉锦绣三江传媒有限公司,26.1,0,25.1,25,11,56,5,14,53.2,10,34,39.2,17.1,0,10,0,0,32,4.1,0.1,31.5,0,5,4,0,0,0,0,0,,,,,,,,,,,,,,,,,,,,,,,,,,,,
500659,悦读名品文化传媒（北京）有限公司,14,12,8,0,23.5,12.5,20,24.4,9,37,9,10,24,10.4,10.8,14.5,6.35,2.5,9.9,3,6,6.5,1.5,0,16.5,0,0,0,0,,,,,,,,,,,,,,,,,,,,,,,,,,,,
500354,安徽中科云楚教育科技有限公司,38,12,34.4,15,248,7.8,18,0,6,3,13,28,14,6,29,12,0,13,9,0,18,9,16,10,9,0,0,0,0,,,,,,,,,,,,,,,,,,,,,,,,,,,,
500265,河北众合创亿文化传媒有限公司,12.5,2,0,4,3,8,3.2,2,5,3,1,4,2,2,0,4,3,0,65.4,3,2,0,1,0,0,1,0,0,0,,,,,,,,,,,,,,,,,,,,,,,,,,,,
500230,时代天宇国际文化传媒（北京）有限公司,42.4,40.8,12,16,43.2,14.4,4,0,0,8,0,0,53.93,0,12,12,4,0,0,0,0,0,0,0,0,8,0,0,0,,,,,,,,,,,,,,,,,,,,,,,,,,,,
500593,北京昌昱春博大文化有限公司,35,3,18,5,10,45,0,2,4,12.2,7,0,19,7,2,0,0,4,3,33,0,4,4,0,0,0,0,0,0,,,,,,,,,,,,,,,,,,,,,,,,,,,,
500607,湖南学而优文化传播有限公司,35,12,46,90.8,18,17,6,0,15,0,3,3,0,11,18,25,2,4,2,4,6,0,3,4.8,0,0,3,7.8,6,,,,,,,,,,,,,,,,,,,,,,,,,,,,
800019,长江文艺出版社有限公司,50.6,0,30,0,32,5,23.4,15,11,19,4,6,19.9,12,6,8,19.9,5,5,5,5,6,15,5,0,5,0,4,0,,,,,,,,,,,,,,,,,,,,,,,,,,,,
500338,湖北梦之组文化传播有限公司,33.5,10,27,9.5,3,0,0,10.8,35.1,6.8,1,0,8,0.1,20.4,0,0.1,0,4,14,4,0,0,0,0,0,0,0,0,,,,,,,,,,,,,,,,,,,,,,,,,,,,
500326,湖南省新华书店有限责任公司,10,4,21.2,12,14.2,12.4,36.4,0,4,2,10,6,0,8,16.8,11.2,4,2,0,2,2,3,0,3,7.2,0,2,0,0,,,,,,,,,,,,,,,,,,,,,,,,,,,,
500186,北京时代华畅文化有限公司,0,0,0.1,4,1.5,0,0,0.1,20.1,8,100.4,0,0,8,0,4,0,0,1.5,0,0,0,8,0,0,0,0,0,0,,,,,,,,,,,,,,,,,,,,,,,,,,,,
500264,河南学伴文化传播有限公司,40,23,6,0,0,0,4,2,2,7.2,2,10,6,6,0,0,0,2,4,0,0,0,0,4,6,0,0,4,0,,,,,,,,,,,,,,,,,,,,,,,,,,,,
500321,郑州邦尔学文化传媒有限公司,99.8,14,66,154,135.6,207.6,353,149,89.4,124.8,120.2,47.8,54,75.6,91,28.6,36,9,26.8,15,24,6,0,8.4,3,48,0,3,141,,,,,,,,,,,,,,,,,,,,,,,,,,,,
500662,陕西新联文化教育有限公司,1.5,2,0,0,0,1.5,0,3,0,2,0,0,0,1,0,0,1.6,0,0,0,0,0,0,0,0,0,0,0,0,,,,,,,,,,,,,,,,,,,,,,,,,,,,
500612,山东海知源文化传媒有限公司,0,0,0,0,0,2,4,5,2,0,0,2,0,0,0,0,0,0,0,0,2,0,0,0,0,0,0,0,0,,,,,,,,,,,,,,,,,,,,,,,,,,,,
500569,山东梁山世纪儒源文化传媒有限公司,0,0,0,0,0,0,0,0,0,0,0,0,0,0,0,2,0,0,0,0,0,0,0,0,0,0,0,0,0,,,,,,,,,,,,,,,,,,,,,,,,,,,,
500256,河南华炳焱文化传媒有限公司,0,0,0,0,4,4,0,0,0,0,0,16,0,0,0,0,0,0,0,0,0,0,0,0,0,0,8,0,0,,,,,,,,,,,,,,,,,,,,,,,,,,,,
500301,北京三爱创新教育科技中心,0,0,10,0,0,0,0,0,0,0,0,0,0,0,0,0,0,0,0,0,0,0,0,0,0,0,0,0,0,,,,,,,,,,,,,,,,,,,,,,,,,,,,
800024,时代新媒体出版社有限责任公司,0,0,0,0,0,0,0,0,0,0,0,0,0,0,0,0,0,0,0,0,0,0,0,0,0,0,0,0,0,,,,,,,,,,,,,,,,,,,,,,,,,,,,
501921,郑州众轩图书有限公司,0,0,0,0,0,0,0,0,0,0,0,0,0,0,0,0,0,0,0,0,0,0,0,0,0,0,0,0,0,,,,,,,,,,,,,,,,,,,,,,,,,,,,
500682,世界图书出版上海有限公司,0,0,0,0,0,0,0,0,0,0,0,0,0,0,0,0,0,0,0,0,0,0,0,0,0,0,0,0,0,,,,,,,,,,,,,,,,,,,,,,,,,,,,
500678,北京鸿状元文化传媒有限公司,0,0,0,0,0,0,0,0,0,0,0,0,0,0,0,0,0,0,0,0,0,0,0,0,0,0,0,0,0,,,,,,,,,,,,,,,,,,,,,,,,,,,,
500670,江西卓众文化发展有限公司,0,0,0,0,0,0,0,0,0,0,0,0,0,0,0,0,0,0,0,0,0,0,0,0,0,0,0,0,0,,,,,,,,,,,,,,,,,,,,,,,,,,,,
500608,河南欢颜文化传媒有限公司,0,0,0,0,0,0,0,0,0,0,0,0,0,0,0,0,0,0,0,0,0,0,0,0,0,0,0,0,0,,,,,,,,,,,,,,,,,,,,,,,,,,,,
800023,中国广播影视出版社有限公司,0,0,0,0,0,0,0,0,0,0,0,0,0,0,0,0,0,0,0,0,0,0,0,0,0.1,0,0,0,0,,,,,,,,,,,,,,,,,,,,,,,,,,,,
500680,北京汇众博源教育科技有限公司,0,0,0,0,0,0,0,0,0,0,0,0,0,0,0,0,0,0,0,0,0,0,0,0,0,0,0,0,0,,,,,,,,,,,,,,,,,,,,,,,,,,,,
500679,山东多乐多教育科技有限公司,0,0,0,0,0,0,0,0,0,0,0,0,0,0,0,0,0,0,0,0,0,0,0,0,0,0,0,0,0,,,,,,,,,,,,,,,,,,,,,,,,,,,,
500676,北京牧野春晖图书有限公司,0,0,0,0,0,0,0,0,0,0,0,0,0,0,0,0,0,0,0,0,0,0,0,0,0,0,0,0,0,,,,,,,,,,,,,,,,,,,,,,,,,,,,
500677,北京思状科技发展有限公司,0,0,0,0,0,0,0,0,0,0,0,0,0,0,0,0,0,0,0,0,0,0,0,0,0,0,0,0,0,,,,,,,,,,,,,,,,,,,,,,,,,,,,
500467,湖南教育报刊社《初中生》编辑部,0,0,0,0,0,0,0,0,4,0,0,0,0,0,0,0,0,0,0,0,0,0,0,0,0,0,0,0,0,,,,,,,,,,,,,,,,,,,,,,,,,,,,
500624,福建漂读网络科技有限公司,0,0,0,0,0,0,0,0,5,2,10,0,0,0,0,0,0,0,0,0,0,0,0,0,0,0,0,0,2,,,,,,,,,,,,,,,,,,,,,,,,,,,,
500286,湖南佩佩教育科技有限公司,17,2,264.6,709.2,155,79,30,36,24,30,75.2,18,36,18,62,39.4,50,37,10,0,0,11,4,0,0,0,0,0,0,,,,,,,,,,,,,,,,,,,,,,,,,,,,
500208,洛阳贵海图书有限公司,26,13,38.8,143,65.4,29,15,74,144.9,131.76,40,72.06,15.6,10,104,70.6,30.8,8,6,10,3,0,6,4,12,0,0,6,6,,,,,,,,,,,,,,,,,,,,,,,,,,,,
500613,陕西经纬图书报刊发行有限公司,15,6,6,0,3,0,6,18,60,24,48,31.8,9,6,0,0,3,0,0,0,85.8,48,58.2,9,0,0,0,0,0,,,,,,,,,,,,,,,,,,,,,,,,,,,,
500274,河南突唯文化传播有限公司,60,10,42,87.77,69,73,0,8,8,4,11,11,6,49.2,2,42.2,68.1,0,0,3.2,0,5,6,3.8,6,2,0,0,0,,,,,,,,,,,,,,,,,,,,,,,,,,,,
500263,河南功书文化传播有限公司,146.2,0,12,10,21,166.8,16.8,6,6.4,14,17.8,117.4,19.8,3,0,0,32,103.8,3,7,0,0,0,10.8,0,0,0,0,3,,,,,,,,,,,,,,,,,,,,,,,,,,,,
800017,文化发展出版社有限公司,126.72,11,64.28,11,29.2,12,9,6,30,13,8,18.8,15,2,20,3,16,0,18,0,4,10,53.4,0,0,1,10,11,0,,,,,,,,,,,,,,,,,,,,,,,,,,,,
500658,山东书品文化传媒有限公司,33,21,42,41,46.8,0,12,13,27,38,15,16,0,15,6,6,3,11,16.8,0,6,4,16.2,4,3,0,0,0,9,,,,,,,,,,,,,,,,,,,,,,,,,,,,
500604,扬帆之星（北京）文化传媒有限责任公司,118,0,63,4,30,30,60.8,8,144,207.92,39,27,32,0,0,2,0,0,2,3,16.8,28,0,2,28,0,0,0,0,,,,,,,,,,,,,,,,,,,,,,,,,,,,
500293,郑州海豚图书有限公司,141,235.81,155,194.2,468.6,165.2,97.8,67,260,58.2,114,129,74,0,0,0,0,0,0,0,0,0,0,0,0,0,0,0,0,,,,,,,,,,,,,,,,,,,,,,,,,,,,
500648,河南北之星图书有限公司,6,13,3,0,0,0,66.37,24,85.28,29,10,14,24,0,0,0,4,2,12,18,6,0,0,4,0,0,0,0,0,,,,,,,,,,,,,,,,,,,,,,,,,,,,
900004,西安市新城区图图释道书店,0,13.5,0,0,0,0,2.4,0,0,2,0,28,0,0,20,0,1.5,0,0,0,0,0,7.5,0,0,47,5,0,0,,,,,,,,,,,,,,,,,,,,,,,,,,,,
500657,说词解字（北京）文化有限公司,4,4,11,2,4,3,4,26,5,8.8,12,0,0,4,0,3,0,2,12.8,1,0,0,0,0,0,0,0,0,4,,,,,,,,,,,,,,,,,,,,,,,,,,,,
500279,河南天疆教育科技有限公司,94.74,0,7,8,10,4,9,101.12,0,0,2,2,0,3.2,3,4,2,4,3,0,0,0,0,0,0,0,0,0,0,,,,,,,,,,,,,,,,,,,,,,,,,,,,
500603,河北领恒图书销售有限公司,9,0,2,4,26.43,0,2,10,24,35,62,6,2,0,0,0,0,0,0,0,6,6,5,0,2,0,0,0,0,,,,,,,,,,,,,,,,,,,,,,,,,,,,
500305,河南典学文化传播有限公司,0,6,0,2,27,6,0,0,3,0,2,0,0,0,0,0,0,0,0,0,0,0,0,3,0,0,3,0,0,,,,,,,,,,,,,,,,,,,,,,,,,,,,
500348,湖南森利鑫文化传播有限公司,283.18,271.4,475.16,37,0,0,0,0,0,0,0,0,0,0,0,0,0,0,0,0,0,0,0,0,0,0,0,0,0,,,,,,,,,,,,,,,,,,,,,,,,,,,,
500681,山东太学教育科技有限公司,0,0,0,0,0,0,0,0,0,0,0,0,0,0,0,0,0,0,0,0,0,0,0,0,0,0,0,0,0,,,,,,,,,,,,,,,,,,,,,,,,,,,,
500675,北方国家版权交易中心有限公司,0,0,0,0,0,0,0,0,0,0,0,0,0,0,0,0,0,0,0,0,0,0,0,0,0,0,0,0,0,,,,,,,,,,,,,,,,,,,,,,,,,,,,
500671,洛阳墨韵文化传媒有限公司,0,0,0,0,0,0,0,0,0,0,0,0,0,0,0,0,0,0,0,0,0,0,0,0,0,0,0,0,0,,,,,,,,,,,,,,,,,,,,,,,,,,,,
500341,湖北快乐导航文化传播有限公司,0,0,0,0,0,0,0,0,0,0,0,0,0,0,0,0,0,0,0,0,0,0,0,0,0,0,0,0,0,,,,,,,,,,,,,,,,,,,,,,,,,,,,
900005,南京市玄武区书生教育信息咨询工作室,9900.52,9114.88,11987.52,8929.05,9594.43,8314.33,9588.72,7298.42,17555.5,12445,12449.7,13807.98,9329.3,11394.06,10091.45,6962.72,10771.12,14946.43,6197.82,4476.02,10565.92,6169.82,5036.85,5726.82,5117.82,4038.8,6280.75,3367.78,4610.53,,,,,,,,,,,,,,,,,,,,,,,,,,,,
500447,北京五洲时代天华文化传媒有限公司,11222.54,14583.37,23685.9,14067.17,14684.3,10457.28,9119,10192.96,29528.49,17284.9,16190.5,13380,6353.3,10468.9,6301.82,5509.18,9655.12,6994.8,5517.64,4219.1,5555.88,13905.4,9943.72,7957.32,4946.9,2570.6,11944.52,9127.6,5802.3,,,,,,,,,,,,,,,,,,,,,,,,,,,,
800030,北方联合出版传媒（集团）股份有限公司分公司,5964.25,4557.23,7236.81,4937.73,6802.1,6443.25,4288.86,1774.3,7512.97,6126.3,6891.49,8222.4,6540.98,5755.23,11152.89,6512.1,6077.6,5222.89,5217.94,2997.6,6347.68,5390.5,4692.23,6182.68,5038.46,2804.34,6385.89,4437.28,4154.1,,,,,,,,,,,,,,,,,,,,,,,,,,,,
500480,陕西助力文化传媒有限公司,5609.7,4962.45,10097.62,9040.18,6100.8,6103.4,2951.2,2529.2,5221.4,13050.9,8685.78,13193.91,3451.27,3365.1,6850.08,5168.22,4416.14,4275.6,2389.5,1577.18,2786.56,1873.78,1264.9,1361.68,1115.99,885.8,1442.86,1576.48,1071.5,,,,,,,,,,,,,,,,,,,,,,,,,,,,
500184,金华市合创展教育图书有限公司,1437.82,541.89,2100.29,3390.29,3772,3817.17,928.36,695.96,737,1196.53,1211.4,1984.1,1249.42,1576,1489.34,1999,2324.27,1962,1264.29,495.6,536.2,510.2,498.4,1379.4,601.55,418,385.8,306.28,404.64,,,,,,,,,,,,,,,,,,,,,,,,,,,,
500426,湖北瀚海书航文化传媒有限公司,3272.2,3259.53,3017,1676.8,1262.8,1707.06,1726.6,1313.2,2099,1796,2051.32,1821.6,549.8,1201,610.28,372.2,471.3,380.7,531.2,925.2,2586.3,2971.7,2623.4,1927.5,1293.4,744,876.8,908.9,821.2,,,,,,,,,,,,,,,,,,,,,,,,,,,,
500494,山东学缘教育图书有限公司,1216.51,541.8,1123.44,598.4,474.8,491,321.61,179.08,278.4,187.2,347.44,171.6,324.2,200.2,240.2,170.64,132.4,131,59.9,66,323.4,3861.24,1779.2,2787.7,1632,1470,2938.74,2425.23,1813.88,,,,,,,,,,,,,,,,,,,,,,,,,,,,
500535,北京知行健教育咨询有限公司,1360.6,885.13,1287.79,803.6,1750.54,1763.23,1674.39,761.25,753.88,742.64,1007.9,622.15,607.35,719.03,797.52,292.9,571.87,749.92,1313.25,621.16,646.78,271,321.69,427.6,329.9,207.2,194.9,73.2,193.8,,,,,,,,,,,,,,,,,,,,,,,,,,,,
500431,山东瀚海文苑传媒有限公司,4489.21,2637,2916.76,2237.49,1975.45,3416.92,3051.07,1381.19,1134.5,1020.74,816.4,1049.4,1076.69,1067.03,551.54,469.6,456.04,319.5,696.69,308.2,320.48,419,261.6,189.6,597.53,53,161.4,67,23,,,,,,,,,,,,,,,,,,,,,,,,,,,,
500528,北京伯乐马文化发展中心,33,2,60,40,564.47,50,30,0,71.5,4,9.5,36.5,30,62,0,12,1594.6,360.56,30,0,741.6,303.8,260.8,239.2,187.6,154.2,80.4,399.2,471.6,,,,,,,,,,,,,,,,,,,,,,,,,,,,
500540,安徽大图文化传播有限公司,72,248,306,96.8,2988,1896,10,0,0,20,54,30,258.8,260,159,262.2,1582.4,656,0,80,8,0,20,10,10,16,67.2,207,3182.4,,,,,,,,,,,,,,,,,,,,,,,,,,,,
500429,成都景中教育软件有限公司,80,100,336,280,160,212,1060,100,300,100,320,140,180,124,92,180,140,60,1808,20,72,232,152,100,20,0,260,220,0,,,,,,,,,,,,,,,,,,,,,,,,,,,,
500433,河北敬文图书有限公司,45.18,24,93.98,6,24.1,196.28,245.5,44.8,30,21,2,2,1,8,530.8,590,242,335.56,424.2,345.7,188.2,146.4,112.6,229.4,1312.6,143,159.2,91.4,47.8,,,,,,,,,,,,,,,,,,,,,,,,,,,,
500386,华版（北京）文化有限公司,653,632.02,677.1,471.8,656.07,546.4,589.1,970.15,1395.72,833.92,419.5,507.86,121.2,448.7,449.62,170.2,103.4,167.29,110.1,135.5,234.8,303.54,154.5,239.7,181.1,125,179.9,192.87,84.4,,,,,,,,,,,,,,,,,,,,,,,,,,,,
800026,北京世纪东方科技发展有限公司,626.4,420.6,581.8,474.75,490.75,456.12,563.33,431,503.86,265.73,194.6,260,364.6,365,158.6,126.2,90.4,98.9,187.2,46.6,181.85,127.2,74,88.7,125,39.8,20,87.2,14,,,,,,,,,,,,,,,,,,,,,,,,,,,,
500484,河南酷特文化传媒有限公司,200,65.8,107.8,186.64,127.2,375.5,358.29,113.4,82,87.6,155.8,66.8,35.4,175.09,158.4,64.6,63,74.7,103.31,76,24.4,34,29,13,25,75.17,14,23,17.8,,,,,,,,,,,,,,,,,,,,,,,,,,,,
500233,武汉华简书业有限公司,443,181.6,89.6,126.2,118.4,83.2,132.2,132.4,198.9,128.4,250.7,145.2,125.5,142.7,79.7,37.8,41.9,25.6,87.7,95.6,55.3,55.2,56.2,34.5,8.2,8,26.1,11,17.1,,,,,,,,,,,,,,,,,,,,,,,,,,,,
500579,潍坊神龙图书发行有限公司,207.6,234.1,316.5,204.1,92.2,65.2,26.8,40.1,19.5,15,19.5,30.3,54,114.9,85.9,47.7,12,21,40.1,2.6,7,7,10.2,10.5,8.5,48.2,3893.1,4478.06,3811.1,,,,,,,,,,,,,,,,,,,,,,,,,,,,
500519,伊宁市格邦托管服务有限公司,52.97,51.8,62,42,61,27,115.8,86.6,58,19,37,34,23.2,18,50.4,51.4,14,11,24.4,27,30.4,20,18,7,0,1,0,68.02,0,,,,,,,,,,,,,,,,,,,,,,,,,,,,
500435,沈阳市驰翔书刊有限公司,69,41,66.2,39,51.8,46.4,26.8,27,18,17,22,19.6,9,182.59,5,7.4,10,38.8,13,9,5,5,0,18,3,9,6,9,39,,,,,,,,,,,,,,,,,,,,,,,,,,,,
500573,山东接力教育集团有限公司,22321.61,16736.9,34752.7,31255.5,24261.2,21728.75,20842.32,17797.54,26424.98,17356.1,17574.52,28044.7,20201.07,21347.2,20265.23,24181.76,19864.54,15536,19781.88,17180.59,23350.2,18304.27,17932.16,20735.34,14137.28,7071.82,11062.7,7036.3,5514.01,,,,,,,,,,,,,,,,,,,,,,,,,,,,
500285,山东一帆融媒教育科技有限公司,31505.9,37580.12,60446.81,43122.71,29391.6,20912.51,19162.42,17674.52,19707.1,22912.65,25473.4,27161.2,16656.79,29076.96,25647.68,18280.5,17212.13,10917.83,12740.4,12712.77,17886.28,15654.84,11799.68,12201.07,7410.14,4167.07,15742.5,21054.58,18768.2,,,,,,,,,,,,,,,,,,,,,,,,,,,,
500505,湖北千里万卷教育科技有限责任公司,10335.5,10275.7,16549.51,15428.2,15634.6,10894.5,8027.16,7096.8,13801,8715.5,9888.7,9829.85,9016.28,8967.4,12006.88,7872.94,16316.27,12352.28,8439.52,5246.65,5549.5,4621.4,3765.5,4366.62,4915.1,2540.8,4215.26,2578.9,1800.64,,,,,,,,,,,,,,,,,,,,,,,,,,,,
500272,山东中辰文化传媒有限公司,6817,3087.29,4682.3,5571.19,3090.5,4750.79,2148.3,1881.1,5506,6061.9,5842.8,11558.29,4843,4054.1,4436.48,6993.22,7208,28419.63,4316.63,2190.44,5929.54,4623.62,4025.6,8755.62,15150.62,990.4,3120.55,4441.36,5513.5,,,,,,,,,,,,,,,,,,,,,,,,,,,,
500415,山东一本图书有限公司,7095.3,2677.63,3440.19,2196.63,1840.6,2606.6,5296.2,2516.4,3355.4,6009.4,4828.46,3982.73,3883.2,2568.4,1593.4,1306.9,2318.6,3527.99,6591.28,3508.41,9706.5,25383.12,15521.8,11477.61,11792.5,2960.4,15425.69,9162.16,7162.52,,,,,,,,,,,,,,,,,,,,,,,,,,,,
500187,荆州市南宇图书有限公司,5674.75,3841.2,8075.3,6778.25,5239.98,4543.9,2796.8,1410.61,6341.8,9926.3,6201.2,6871.43,2775.1,7745.08,9368.27,7234.42,8322.41,5408.3,4808.54,2825.3,4736,3379.4,3019.78,4261.18,3471.21,2271.9,3445.18,2121.86,2068,,,,,,,,,,,,,,,,,,,,,,,,,,,,
500514,河北考源书业有限公司,6280.31,9003.82,19152.43,11003.53,9426.2,5350.12,3797.2,5778.8,11078.4,7817.4,7090.8,7755.6,4494.4,8935,9576.14,5532.3,5047.84,2458.05,4075.1,5081.22,6204.7,4881.4,3411.2,3529.39,3154.7,1591.4,4874.7,2575.36,1746.5,,,,,,,,,,,,,,,,,,,,,,,,,,,,
500576,郑州培优教育图书发行有限公司,5116.2,1243.2,1019,852.3,817.52,807.2,1039.6,1279.6,6081.16,7345.4,7209,9256.99,2137.24,581.84,2547.46,4360.5,8764.6,10069.64,2051.9,1167.3,7622.64,7373.7,5934.19,13029.28,5164.29,988.2,3741.96,2390.76,3329.26,,,,,,,,,,,,,,,,,,,,,,,,,,,,
500389,河北万卷文化有限公司,5150.73,3443.44,6728.49,6937.79,4871.7,4445.48,5914.63,3142.41,3979.6,5240.63,5288.1,4377.6,3581.93,4378.6,10396.88,6158.7,4711.35,5219.95,4701.1,2495.6,1681.8,1130.8,4261.7,4459.3,4972.9,5864.1,8132,4066.28,2770.6,,,,,,,,,,,,,,,,,,,,,,,,,,,,
500482,山东仁心齐教育科技有限公司,6274.05,2406.82,3248.85,6577.3,5694.3,5219.8,3289.86,2476.36,3183.1,2699.7,5110.2,11233.4,3770.16,3501.33,6277.52,5126.24,4276.5,4388.1,3173.1,1523.48,1483.8,2833.82,2754,3470.92,2091.9,891,812.38,1917.66,1417.5,,,,,,,,,,,,,,,,,,,,,,,,,,,,
500177,河北志东图书有限公司,9701.92,3086.45,5977.41,4511.79,3936.92,3863.4,9185.67,6423.85,6816.19,5124.66,5248.5,5152.4,3641.5,3907.7,3728.67,2531.5,2609.9,1537.5,1872.1,1344.7,1894.5,2654.4,2599.2,3661.5,2174.3,1539.8,1713.4,1147.8,1078.8,,,,,,,,,,,,,,,,,,,,,,,,,,,,
500442,梁山鑫宇文化传媒有限公司,737.5,419.6,1043,768.4,1640.22,2157.9,5480.9,1322,1180.4,1303,4403.4,5611.2,3121.06,2922.8,3406.12,5188.13,3985.9,1746.66,1174.6,735.3,1051.2,1982.5,2764.7,4242.5,3055.2,542.68,1509.7,1149.4,1623.8,,,,,,,,,,,,,,,,,,,,,,,,,,,,
500214,四川多能教育书业有限公司,6749.2,2140,2102.9,1726.4,1256.1,1872.2,3364.3,3196,6151.1,4303.1,4020.9,5343.7,4011.7,3169.1,3728.4,3550.3,3373.1,3382.88,2680.62,2070.1,3921.24,1851.92,1734.68,2289.42,3371.2,1979.9,2526,1832.4,2257.52,,,,,,,,,,,,,,,,,,,,,,,,,,,,
500201,河南鼎成教育科技有限公司,2083.5,2696.26,5171.5,3589,7521.1,5715.7,1569.96,1231.13,3436.5,2691.7,3671.5,4503.2,2491.9,3024.8,4884.53,4416.1,4253.68,3442.4,1194.4,617.3,2915.8,3274.92,3108.42,3298.72,2040.9,1115.99,4585.62,2832.4,2523.6,,,,,,,,,,,,,,,,,,,,,,,,,,,,
500288,滨州市众邦图书有限公司,746,536.1,771,916.8,643.88,543.94,650.43,478.8,834.3,1418.2,4148.4,3787.29,3156.2,2323,2234.08,1556.2,1559.21,2111.41,3630.72,1751.62,1903.9,1113.45,1288,1738.5,1536.7,540.5,547.1,502.28,498.06,,,,,,,,,,,,,,,,,,,,,,,,,,,,
500500,山东正大图书有限公司,2845.3,2077.7,2059.9,3364.3,4019.72,4336.9,2134.07,1966.5,1398.7,1088,1490,1169,1956.5,1412.7,1357.3,2447.24,1898.9,1044.1,751.6,605.5,412.5,292.7,476.8,1009.7,2263.4,579.28,626.2,545.4,5459.52,,,,,,,,,,,,,,,,,,,,,,,,,,,,
500440,山东优易练图书有限公司,1509.53,1362.8,1079,945.71,755.54,769.99,807.36,651.89,2925.2,2275.2,1657.4,1621.2,1013.16,820.3,1822,730.2,675.1,611.25,799.87,539.1,3171,1759.06,1283.5,1244.3,447.8,429.6,387,874.1,615.8,,,,,,,,,,,,,,,,,,,,,,,,,,,,
500416,南京考优文化传播有限公司,2675.6,2032,1940.2,4129.8,4525.2,1676.8,1209,1087,3472,2792.2,1704.8,2327.2,2203,1618.4,1350.03,826,1038.8,657.4,566.8,338.64,1112.6,1617,1102.6,1315,607.4,206.4,440.8,662.4,1006.4,,,,,,,,,,,,,,,,,,,,,,,,,,,,
500277,梁山智源数字化科技有限公司,485,460,595,195,965,472,60,96,451.88,1736,2610,4215,880,810,320,1798,2227,2467.2,665.4,307.8,1192.2,716.2,1067,1690.4,1029,432,706,904,1958.6,,,,,,,,,,,,,,,,,,,,,,,,,,,,
500527,万向思维国际教育科技集团（西安）股份有限公司,15,34.2,10,20.2,24,4,2,8,4,0,0,3.2,4,2310.8,756.6,2857.55,2942.38,678.16,475.8,311.7,265.92,101.2,327.5,347.4,175.2,171.6,170.8,119.12,82,,,,,,,,,,,,,,,,,,,,,,,,,,,,
800031,吉林教育出版社有限责任公司,349.7,181.1,614.86,357.8,494.5,685.6,237.82,836,2571.4,1109.2,777.8,1341.8,243.2,190,1153.88,726.72,514.8,536.1,241.2,344.2,3276.55,1962.3,1538.1,2026.94,695.6,67.8,1195.9,2077.1,1277.6,,,,,,,,,,,,,,,,,,,,,,,,,,,,
500412,河南青橙教育科技有限公司,1401.8,807,1213.2,1166.6,883.2,3149.6,2110.4,1162.8,623.6,1370.6,954.2,912.2,668.8,617.6,732.3,821.5,484.3,524.6,237.2,279.2,269,176,197.6,101.8,87.8,19,86.8,55,24,,,,,,,,,,,,,,,,,,,,,,,,,,,,
500259,河南昕金立文化传媒有限公司,897.9,707.2,2296.27,1710.2,1360,732.2,321.8,197,3365.8,2999.2,1610.4,3345.28,781.88,692.8,941.8,1210.8,729.98,894.4,342.02,309.9,525.4,290,1720.3,4135.22,1282.78,232.5,264.6,3138.18,2552,,,,,,,,,,,,,,,,,,,,,,,,,,,,
500520,山东步步维赢文化传媒有限公司,1339.8,501,790.8,896.6,710,475.8,1536,754.6,276,134,188.8,2889.2,1926.6,469.2,326,630,197.6,2237.6,724.2,174,102,159.6,499.8,2411.6,1391.4,375.6,112.2,246.4,137,,,,,,,,,,,,,,,,,,,,,,,,,,,,
500483,湖北浩然盛锦文化传媒有限公司,410.05,79.2,66,156,28,131.32,324.21,39,81,54.4,111.8,39,57.83,14,19,0,12,19.6,50.2,10,33,5.9,7,4,1.8,13,0,0,0,,,,,,,,,,,,,,,,,,,,,,,,,,,,
500583,梁山博圣图书有限公司,207,258,2121,1414.8,420,998.52,402.1,165.2,257.8,354,117.2,326.8,270.8,82.8,105.8,181.8,152.2,2299.92,2557.98,513.8,209.2,337.8,596,619.4,277.2,227.2,283,154.8,185.4,,,,,,,,,,,,,,,,,,,,,,,,,,,,
500465,太原市后土文化传媒有限公司,695.2,296.2,203.4,432.6,657.4,218,146.8,213.2,275,198,171,455,485.6,691.7,519.4,308.6,534.2,414.17,340.8,612.9,292,298.1,298.6,279,146,284,319,117,549.8,,,,,,,,,,,,,,,,,,,,,,,,,,,,
500452,合肥亚泰嘉和文化传播有限公司,2143.8,891.4,1970.2,1570.2,1443.8,840,322.2,629.4,686.2,813.8,891.2,1843.48,622.8,1562.2,593.6,380.96,255.8,70,85,141,299.8,73,417.8,935,389.6,203,768,345.1,140.4,,,,,,,,,,,,,,,,,,,,,,,,,,,,
500509,河北启光教育科技有限公司,2037.49,820.2,1113.5,1754.3,3329,4096.6,1047.3,569.2,519.43,489.1,817.4,997.7,996.2,481.8,395.1,369.2,447.6,325,149,100.9,120,156.2,150.7,149.64,215.3,122.4,239,67.8,75.8,,,,,,,,,,,,,,,,,,,,,,,,,,,,
500582,志恒文化传媒（北京）有限公司,304.4,283,968,957.6,1327.4,478,254.8,172.8,505.4,187.5,329.8,236,165.8,107.2,251.6,808.45,1152.5,516.6,137,62.4,172,113.2,141.4,147.6,109.4,141.9,297,208.4,526.9,,,,,,,,,,,,,,,,,,,,,,,,,,,,
500423,山西晋一教育科技有限公司,743.6,443.83,303.8,353.8,405,2576.8,281,245.4,222.2,514,535.2,815.8,578,70,429.8,497,187,494.92,479.7,193.5,10,79.2,229.8,53,152.8,46,102.2,214.2,54.6,,,,,,,,,,,,,,,,,,,,,,,,,,,,
500574,山东义博海越文化传媒有限公司,6,67,14,12,83.28,15,3,6,30,12,57.6,5,3,18,12,15,36,10.2,4.8,6,46.5,15,0,36,3,0,0,3,3,,,,,,,,,,,,,,,,,,,,,,,,,,,,
500530,北京点石新语文文化发展有限公司,451.9,292.8,876.4,642.8,817.2,1403.6,121.5,139.3,52.8,136.8,125,303.7,99.7,209.9,167.05,392.3,330.6,638.3,62,39.2,48.1,47.7,76.7,52,233.2,71.8,115.8,67.1,166.2,,,,,,,,,,,,,,,,,,,,,,,,,,,,
500506,广州速进文化发展有限公司,136.9,47.6,1332.9,2140,992.6,741,933.64,714.2,508.1,440.14,547.8,637.6,312.7,147.6,324.55,193.1,178.9,200.3,176.6,72.5,63.3,66.8,38,24.9,13,18,46,5,21.7,,,,,,,,,,,,,,,,,,,,,,,,,,,,
900001,肃宁县东信教育书店,161,186,541.4,230,343.2,45.6,647.2,259.2,425.6,218,255,449.4,192.4,260,274.6,410.2,120,37,118,64.4,50,52,33.2,18.9,44,83,4,26,26,,,,,,,,,,,,,,,,,,,,,,,,,,,,
500203,四川汇合明聚教育科技有限公司,941.36,450.6,1162.98,446.7,814.84,644.04,514.77,258.1,346.3,316.7,471.23,483.32,448.54,394.4,494.54,175.7,193.9,284.8,119.7,93.6,65.84,90.3,119.54,77.8,47.8,27.3,31,16,16.2,,,,,,,,,,,,,,,,,,,,,,,,,,,,
500517,郑州瀚海文化传播有限公司,194.39,72.6,40,9,29,596.86,2044.82,226.8,11.8,9,3,92,33,20,30,0,20,301.86,584.4,367,9,3.2,6,0,31.8,62.8,6,18,0,,,,,,,,,,,,,,,,,,,,,,,,,,,,
500281,湖北远成文化传播有限公司,474.2,102.4,209.4,267.6,190.11,180.4,170,218,117.6,183.4,183.8,267.8,129.4,78.46,157.6,178.6,98.58,131,58.6,14.5,177.4,60.2,72,111.44,34,2,25.5,3,9,,,,,,,,,,,,,,,,,,,,,,,,,,,,
500552,滨州儒乾文化传媒有限公司,209,207.3,308.9,259.9,487.4,325.6,132.8,93.6,93.7,158.5,144.3,126.7,88,129.9,85.5,97,159.8,166.7,76.8,89.84,115,54.3,97.4,66,80,77.4,105,118.4,121.7,,,,,,,,,,,,,,,,,,,,,,,,,,,,
500443,云南孝全文化传播有限公司,439,238,372,332,300.8,2824,129,117.4,63,35,42,8,821,20,10,38,18,12,0,12,0,36,11,15.6,0,0,6,8,167,,,,,,,,,,,,,,,,,,,,,,,,,,,,
500247,山东毫末教育科技有限公司,315.7,215.3,307.5,284.8,177.5,259.82,122.5,140.19,148,150.95,126.4,129.9,121.14,162,125.1,93.8,99.1,37,53,29.8,56,58.5,45.8,46,37,10,31,15.5,28.8,,,,,,,,,,,,,,,,,,,,,,,,,,,,
500220,北京良石嘉业文化发展有限公司,335.51,203.78,154.6,265.95,218.99,368.32,179.19,128.68,237.36,163.97,100.4,126.43,225.22,36.9,48.2,66.08,48.4,53.4,70.6,37.1,48.1,33.4,85.6,17.6,5,2,45.56,12.8,8.5,,,,,,,,,,,,,,,,,,,,,,,,,,,,
500260,北京元申教育科技有限公司,197.9,143.5,203.6,186,179.6,101.2,129.7,128,245.4,148.7,181.7,151.1,41.1,99.1,201,86.3,64.6,312.1,40.9,36.2,76.4,40.4,31.6,55.1,20.9,8,34.7,11.5,32.1,,,,,,,,,,,,,,,,,,,,,,,,,,,,
500577,《英语周报》社有限公司,1719.18,483.58,278.66,132.5,119.5,133.6,362.4,120.3,99.56,138.5,169.4,417.5,133.6,56.6,155,37.9,32.1,13.5,44.9,34.5,99.66,15.18,7,33.92,51.7,2,10.5,1.5,6,,,,,,,,,,,,,,,,,,,,,,,,,,,,
500449,吉林梓耕教育科技股份有限公司,97.2,149,263.4,180,146,122.2,165.2,161.9,244.2,82,87.8,123,48,93.6,90.8,19,48.8,88.6,61.7,41,77,31.6,24,34.8,5,4,29,0,16.2,,,,,,,,,,,,,,,,,,,,,,,,,,,,
800028,山东教育出版社有限公司,27,54,29.53,19,266,255.27,41,112.25,250.2,216.4,184,24.2,162.2,21,67,0,2,18,100,33.63,125.5,14,27,24,8,0,60.16,0,38,,,,,,,,,,,,,,,,,,,,,,,,,,,,
500674,上海天禾图书有限公司,0,0,0,0,0,214.4,81.6,23,134,35,327.6,33,13,24.2,26,88.2,73,37,44,36,6,9.2,1,5,75,0,6,30,0,,,,,,,,,,,,,,,,,,,,,,,,,,,,
500384,梁山儒舟文化传媒有限公司,29,3.2,20,0,6,18.7,8,19.5,21.2,6,6,2,32.2,8,0,0,2,0,35,8.8,8,6.7,15,4,0,0,0,4,2,,,,,,,,,,,,,,,,,,,,,,,,,,,,
500492,智品天下图书（北京）有限公司,60,128,119,40.4,146.6,36.6,24.1,26.1,11.3,0,26.2,0,0,65.5,30,0,50.4,102.9,26.1,1.5,39.3,20,11.5,24,0,0,0,0,10.1,,,,,,,,,,,,,,,,,,,,,,,,,,,,
500437,四川百鸣教育科技有限公司,22,25,4.8,48,104.1,5,44,9,27,39.2,118.89,6,0,17,7,18,12,57,22.8,21,62,18,12,9,3,0,9,0,0,,,,,,,,,,,,,,,,,,,,,,,,,,,,
500252,湖北大鑫文化传媒有限公司,75,51,84.6,54,95.8,79.2,26,20,72.6,46.8,12,23,27,8,64.6,38,27,24.8,10,15,0,4,6,3,6,6,6,0,3,,,,,,,,,,,,,,,,,,,,,,,,,,,,
500503,河南金书文化传播有限公司,173,32,58,29,30.2,93.2,85.5,57.2,67.6,76.3,32,61.6,26.8,0,4,9,23,16,46.6,25.3,13,60.3,0,3,4,5,5,0,0,,,,,,,,,,,,,,,,,,,,,,,,,,,,
500472,深圳泰微课教育科技有限公司,4,2,4,5,11,2,13,1,1,2,2,2,2,171,1,4.6,4,4,5,2,5,3,0,0,0,0,8,0,9,,,,,,,,,,,,,,,,,,,,,,,,,,,,
500427,长春市天源图书有限责任公司,69,82,197,184,66.6,57,62,45,114.8,50,77,108,18,33.6,5,14,0,3,44,6,27,29.4,20,14.4,0,58,0,15,12.6,,,,,,,,,,,,,,,,,,,,,,,,,,,,
500581,四川省万树文化传播有限公司,0,0,36,30,24,0,148.2,961.6,193.8,41,39,11,29,4.8,27,16,42.8,33,0,10,0,6,0,0,15,0,0,7.8,0,,,,,,,,,,,,,,,,,,,,,,,,,,,,
800029,湖南教育音像电子出版社有限责任公司,243,199,103.4,33,30,33,32,8.4,24.6,32,21,0,32.6,71,21,6,27,13.4,26,0,13,21,11,6,0,0,13,6,7,,,,,,,,,,,,,,,,,,,,,,,,,,,,
500529,北京市育学林教育技术有限公司,10,2,8,9,18,2,34,30.4,47.2,24,31.4,10,0,37.66,4,0,0,8,23,6,0,6,12,8,2,0,0,0,0,,,,,,,,,,,,,,,,,,,,,,,,,,,,
500638,北京润学漫华文化传播有限公司,0,0,0,0,0,0,0,0,0,106.6,265.4,134.8,18.4,13,16.8,0,3,0,9,42.6,3,12,16,9,0,0,0,0,0,,,,,,,,,,,,,,,,,,,,,,,,,,,,
500460,河南三之三教育科技有限公司,33,0,0,0,81,12,4,12,17,27,10.8,5,3,5,4,20,26.4,0,32,30,3,4,4,0,0,0,0,0,0,,,,,,,,,,,,,,,,,,,,,,,,,,,,
500496,南京师文教育咨询中心,39,14,24,34,24,16,4,14,25.6,17,16,10,12,10,15,4.6,22,4.8,3.6,2,7,5,2.6,1,5.4,2,0,0,0,,,,,,,,,,,,,,,,,,,,,,,,,,,,
800027,长春东北师范大学出版社有限责任公司,72.9,51,22,103,105,71,88.4,17.8,15,59,17,10,27.6,16,2,0,2,4,10,0,3,3,10.8,4,2,2,4,0,0,,,,,,,,,,,,,,,,,,,,,,,,,,,,
500405,山西文海泉文化传播有限公司,3,0,0,6,65.33,12.6,0,0,0,0,0,0,0,0,0,0,3,0,0,69.4,0,0,0,0,0,0,0,0,3,,,,,,,,,,,,,,,,,,,,,,,,,,,,
500428,山东文泉文化传媒有限公司,178.62,54,0,12,6,6,48.42,3,68.18,3,108.42,9,0,57.73,0,0,0,0,0,6,0,0,0,0,0,0,0,0,0,,,,,,,,,,,,,,,,,,,,,,,,,,,,
500448,山西圣典华章文化传媒有限公司,35,5,5,2.5,2.5,0,0,10,5,30.5,0,40.5,45,0,0,0,0,0,2.5,0,0,5,4.5,16,10,0,60,0,0,,,,,,,,,,,,,,,,,,,,,,,,,,,,
500385,杭州蓝鲸图书有限公司,20,18,35,40,110,95,28,15,74.53,10,0,10,7,0,14,19,9,5,0,0,0,0,0,0,0,0,0,0,0,,,,,,,,,,,,,,,,,,,,,,,,,,,,
500522,山东沐彤教育科技有限公司,8,4,0,2,0,27,6,33.6,7,5.2,14.7,3.7,4,0,3,0,0,0,15.7,7,3,1,2,2.5,0,0,0,0,0,,,,,,,,,,,,,,,,,,,,,,,,,,,,
500580,河南宣雨教育图书有限公司,37.6,35,24,18,12.8,24,8,8,0,0,0,3,3,8,6,0,0,0,32,0,0,0,0,554.7,1447.7,619.8,750.8,284.1,375.4,,,,,,,,,,,,,,,,,,,,,,,,,,,,
500516,山西华海浩宇文化传播有限公司,173,60,66,109.8,18,0,6,9,0,0,6,0,14,0,0,4.8,0,3,3,0,3,0,7,0,0,0,0,0,0,,,,,,,,,,,,,,,,,,,,,,,,,,,,
500401,江苏文泉图书文化有限公司,82,22,14,23.1,8,51,39,2,32,12,30,13.2,10,8,6,8,8.96,4,0,2,9,8,4,2,0,4,2,2,2,,,,,,,,,,,,,,,,,,,,,,,,,,,,
500383,河北文博教育科技集团有限公司,0,10,118,52.6,51.4,6,0,0,0,0,0,0,0,0,6,21,0,0,0,0,0,0,0,0,0,0,0,0,3,,,,,,,,,,,,,,,,,,,,,,,,,,,,
500445,太原市亿典教育科技有限公司,8,16.1,5,18.6,7.5,4.5,64.2,0.5,6.5,10.7,6,0,6.5,5.5,0,0,5,0,0,6.6,0,3,5,0,0,0,0,0,0,,,,,,,,,,,,,,,,,,,,,,,,,,,,
500556,山东慧林文化传媒有限公司,0,0,6,2,0,6,0,8,0,0,0,6,0,0,0,0,0,4,2,2,0,0,0,0,0,0,0,0,0,,,,,,,,,,,,,,,,,,,,,,,,,,,,
500337,河南硕源教育咨询有限公司,2,0,6,5.2,4,2,0,4,0,0,0,0,0,2,4,2,0,0,0,0,0,0,0,0,0,0,0,0,0,,,,,,,,,,,,,,,,,,,,,,,,,,,,
500474,安阳市超世通文化传媒有限公司,0,0,8,2,2,4,0,6,2,2,0,0,4,2,0,0,0,0,0,0,0,0,0,0,0,0,0,0,0,,,,,,,,,,,,,,,,,,,,,,,,,,,,
500364,哈尔滨多森文化传播有限公司,0,0,3,0,0,0,0,0,0,0,0,0,53,0,0,0,0,0,0,0,0,0,0,0,0,0,0,0,0,,,,,,,,,,,,,,,,,,,,,,,,,,,,
500524,北京思齐弘天文化发展有限公司,0,0,0,0,0,0,0,0,0,0,0,0,0,0,0,0,0,0,2,0,0,0,0,0,0,0,0,0,0,,,,,,,,,,,,,,,,,,,,,,,,,,,,
500424,陕西时代盛秦图书有限责任公司,24.6,6,0,0,2,0,33,6,0,8,0,12,0,0,0,0,0,0,0,0,0,0,0,0,0,0,0,0,0,,,,,,,,,,,,,,,,,,,,,,,,,,,,
500564,梁山华维科技文化发展有限公司,0,0,4,0,0,0,0,0,0,2,0,2,0,0,0,0,0,0,0,0,0,0,0,0,0,0,0,0,0,,,,,,,,,,,,,,,,,,,,,,,,,,,,
500213,重庆课堂内外杂志社出版有限公司,0,15,17,22,8,24,10.4,72,46,18,11.4,8.5,8,18,4,0,0,0,0,0,4,0,8,0,4,0,4,0,0,,,,,,,,,,,,,,,,,,,,,,,,,,,,
500672,崇文书局有限公司,0,0,0,0,0,0,0,0,0,0,0,0,0,0,0,0,0,0,0,0,0,0,0,0,0,0,0,0,0,,,,,,,,,,,,,,,,,,,,,,,,,,,,
500554,分之道教育网络科技有限公司,3,0,5,0,3,0,0,0,3,0,0,10,0,0,0,0,3,0,28,0,0,0,0,0,0,0,10,0,0,,,,,,,,,,,,,,,,,,,,,,,,,,,,
500665,黑龙江德亚文化传媒有限公司,0,0,0,0,0,0,0,0,0,0,0,0,0,0,0,0,0,0,0,0,0,0,0,0,0,0,0,0,0,,,,,,,,,,,,,,,,,,,,,,,,,,,,
500653,河南九铭文教图书发行有限公司,0,0,0,0,0,0,0,0,0,0,0,0,0,0,0,0,0,0,0,0,0,0,0,0,0,0,0,0,0,,,,,,,,,,,,,,,,,,,,,,,,,,,,
500652,武汉华师师源图书有限公司,0,0,0,0,0,0,0,0,0,0,0,0,0,0,0,0,0,0,0,0,0,0,0,0,0,0,0,0,0,,,,,,,,,,,,,,,,,,,,,,,,,,,,
500487,河南文友图书发行有限公司,0,0,0,0,0,0,0,0,0,0,0,0,0,0,0,0,0,0,0,0,0,0,0,0,0,0,0,0,0,,,,,,,,,,,,,,,,,,,,,,,,,,,,
500257,北京王后雄教育科技有限公司,0,0,0,0,0,0,0,0,0,0,0,0,0,0,0,0,0,0,0,0,0,0,0,0,0,0,0,0,0,,,,,,,,,,,,,,,,,,,,,,,,,,,,
500521,四川精志愿教育科技有限公司,0,0,0,0,0,10,0,0,5,10,0,0,0,0,0,0,0,0,0,0,0,0,0,0,0,0,0,0,0,,,,,,,,,,,,,,,,,,,,,,,,,,,,
500655,微课时代（北京）文化传媒有限公司,0,0,0,0,0,0,0,0,0,0,0,0,0,0,0,0,0,0,0,0,0,0,0,0,0,0,0,0,0,,,,,,,,,,,,,,,,,,,,,,,,,,,,
500666,宿迁市宿城区巨鼎教育培训中心有限公司,0,0,0,0,0,0,0,0,0,0,0,0,0,0,0,0,0,0,0,0,0,0,0,0,0,0,0,0,0,,,,,,,,,,,,,,,,,,,,,,,,,,,,
500640,振坤翰苑（北京）图书有限公司,0,0,0,0,0,0,0,0,0,0,0,0,0,0,0,0,0,0,0,0,0,0,0,0,0,0,0,0,0,,,,,,,,,,,,,,,,,,,,,,,,,,,,
500641,无锡市博才培训中心有限公司,0,0,0,0,0,0,0,0,0,0,0,0,0,0,0,0,0,0,0,0,0,0,0,0,0,0,0,0,0,,,,,,,,,,,,,,,,,,,,,,,,,,,,
500575,百年育才（北京）教育咨询集团股份有限公司,1,1,0,1,0,0,0,0,0,0,1,1,2,0,0,2,0,0,0,0,0,0,0,0,0,0,1,0,2,,,,,,,,,,,,,,,,,,,,,,,,,,,,
500455,新疆星润文化传媒有限公司,0,0,6,0,1,3,1,0,0,0,0,0,0,0,0,0,0,0,0,0,0,0,0,0,0,0,3,0,0,,,,,,,,,,,,,,,,,,,,,,,,,,,,
500584,徐州主合教育科技有限公司,0,1.5,1.5,0,0,0,0,0,0,0,0,0,0,0,0,0,0,0,0,0,0,0,0,0,0,0,0,0,0,,,,,,,,,,,,,,,,,,,,,,,,,,,,
500669,山东盛博苑图书有限公司,0,0,0,0,0,0,0,0,0,0,0,0,0,0,0,0,0,0,0,0,0,0,0,0,0,0,0,0,0,,,,,,,,,,,,,,,,,,,,,,,,,,,,
500339,山东鼎鑫书业有限公司,13157.72,10528.22,11520.86,10899,15301.99,14617.92,15654.64,6818.72,5796.1,6287.2,8438.8,11913.97,13325.02,9210.47,10778.61,9797.91,12383.95,13803.52,19266.06,10633.68,11791.82,11188.84,9962.7,14409.46,13465.96,10946.22,12948.32,10200.36,13131.9,,,,,,,,,,,,,,,,,,,,,,,,,,,,
500162,郑州荣恒图书发行有限公司,4922.53,2513.25,3452.97,3917.06,3946.65,4941.12,5721.54,3206.06,2816.77,3544.77,2581.8,2708.96,2514,2475.9,1709.33,3462.41,4991.44,8187.04,4749.74,4257.5,6150.01,4953.4,5142.98,8760.25,4338.6,1213.2,5556.44,11434.24,21533.86,,,,,,,,,,,,,,,,,,,,,,,,,,,,
500161,西安玖典文创科技有限公司,6827.05,4688.11,3582.24,5805.26,10570.74,10234.84,2364.85,1650.87,2472.18,2668.51,4278.86,4574.64,1823.31,2176.78,4634.37,6186.36,4707.27,5553.95,3279.77,1401.7,2686.55,2064.42,2542.13,3377.82,1107.1,556.82,3166.04,8963.26,5836.46,,,,,,,,,,,,,,,,,,,,,,,,,,,,
500313,山东瀚海书韵教育科技有限公司,19444.47,12079.64,11728.97,7703.23,7284.06,8197.33,10265.59,6871.5,5254.99,4739.92,3841.77,3430.86,2709.78,3418.49,2529.44,1548.1,2045.4,2905.45,3759.71,2099.4,1646.5,1418.55,1113.21,1203.33,947.1,669.7,717.48,356.75,643.4,,,,,,,,,,,,,,,,,,,,,,,,,,,,
500345,广州翰庭文化传媒有限公司,7075.6,4143.1,4621.28,4344.2,4310.21,2921.8,3246.63,2453.48,2690.8,2199.8,1834.2,2190.2,1737.27,1493.48,1042.48,995.1,613.52,758.8,1990.1,560.5,506.38,495.45,383.3,355.9,285.42,136.3,132.1,207,110.3,,,,,,,,,,,,,,,,,,,,,,,,,,,,
500297,河南文轩文化传播有限公司,1535.68,927.34,906.2,692.8,1141,1974.38,1343.5,1045,1062.8,848.68,794,930.6,593.75,283.17,266.72,225.8,176.7,224.59,4655.9,2544.08,531.6,232.6,220.2,369.9,364.4,436.4,284.2,115.6,133.6,,,,,,,,,,,,,,,,,,,,,,,,,,,,
500254,成都康达书业有限公司,887.4,141.8,340.4,239,184.6,232.71,414.58,133.1,111.8,72,72.6,57.4,356.5,179.4,68.2,626.7,498,486.3,661,208.1,181.6,100.8,166.6,245.5,389,86.4,147.4,104.3,163,,,,,,,,,,,,,,,,,,,,,,,,,,,,
500372,广州百试乐文化教育有限公司,916.8,568.8,823.5,852.7,751.7,281.5,755.3,486.4,895.7,417.5,363.5,226,190.8,520.75,287.71,239.5,68.07,141,297.2,287.6,174.6,201.6,187,105.1,55,28.1,33,117.4,28,,,,,,,,,,,,,,,,,,,,,,,,,,,,
500393,湖北海韵文化传媒有限公司,1929.2,964,1319.9,731.2,614.2,586,380.6,209.2,300.4,392.4,314.6,355.5,157,227.4,387.2,164.06,103.2,262.1,63.7,33,89.1,38,87.8,182.8,49.4,18,31,22,12,,,,,,,,,,,,,,,,,,,,,,,,,,,,
500425,昆明书屯文化传播有限公司,1670.22,368.3,398.4,409.3,331.42,352.5,466.2,371.2,698.9,953,367.8,487,142.4,108,97.7,68.6,71.8,34,164.8,61.1,124.9,96.2,133.5,235.5,52.5,17,13.9,8.5,14.3,,,,,,,,,,,,,,,,,,,,,,,,,,,,
500694,重庆智琅图书有限公司两江新区分公司,145,114,187.2,142.5,179,327.8,562.3,144.9,130.2,120.5,141.6,113.3,74.2,193,76.8,26,45.7,31,132.2,66.2,36.5,26.5,17,16,122,50,20,5,5,,,,,,,,,,,,,,,,,,,,,,,,,,,,
500302,河北艾玛文化发展有限公司,53,41.7,148.93,71.3,148,29.6,72.2,37,40,55.1,57.71,81.1,128.32,20.52,20.2,17,94.8,18.8,21,8,11.6,53,18.4,8,51,0,3,6,9,,,,,,,,,,,,,,,,,,,,,,,,,,,,
500320,梁山县文轩图书有限公司,468.49,529.28,348.69,155.4,151.2,183.7,93.7,62,39,49,44.2,149.9,45.8,84.9,53.4,78.6,34.8,32.2,7,15,10,11,6,4,57,0,28,2,2,,,,,,,,,,,,,,,,,,,,,,,,,,,,
500368,武汉乐学天成文化传播有限公司,37,8.5,139.8,43.5,42.6,42.8,44.3,30.7,17,18.2,10,46.7,18.5,13.5,29.4,37.3,116.2,63.7,19.6,4,5,8,2.5,2,0,0,7,4,0,,,,,,,,,,,,,,,,,,,,,,,,,,,,
500319,山东志鸿超仁图书有限公司,126,140,63,54,39,176,63.8,30.7,70.4,69.2,68.1,50.5,21,34,19.8,34,44.5,10,16.8,19,8.2,26,25,24,14,10,0,0,5.2,,,,,,,,,,,,,,,,,,,,,,,,,,,,
500262,广东易杰教育研究有限公司,63.2,169,135,108.1,73,79,49,17,12.2,0,12,5,15,41,22.3,30,58.8,49,3,3,0,5,4,4,8,7,2,0,2,,,,,,,,,,,,,,,,,,,,,,,,,,,,
500315,山东学苑文化传媒有限责任公司,25,4,56,119.85,10,16,117,8,13,4,4,9,8,1.6,11.2,26,15,0,2,19,5,0,2,0,0,0,0,0,0,,,,,,,,,,,,,,,,,,,,,,,,,,,,
500172,陕西灰犀牛图书策划有限公司,19717.43,27923.94,50538.36,43913.49,52230.6,34257.31,8946.64,5745.89,5404.96,7492.4,7136.16,11951.5,18911.64,31317.5,42868.58,40898.59,66361.57,59799.09,9239.96,5202.94,6497.02,7392.42,7274.44,12189.72,20228.41,17778,39337.94,42120.5,49444.31,,,,,,,,,,,,,,,,,,,,,,,,,,,,
500376,江西宇恒文化发展有限公司,3694.38,6023.75,5581.9,4097.4,3344.49,1774.84,3298.57,2432.8,4978.7,2817.9,3027.5,2702.5,2616.2,3188.2,5171.78,3530.9,4008.7,20759.65,10250.98,5329.9,10919.88,10435.32,9384.5,13756.14,9485.84,7256.1,11594.88,7840.82,10425.8,,,,,,,,,,,,,,,,,,,,,,,,,,,,
500173,河北金卷教育科技有限公司,4362.2,3399,9362.37,32113.21,29424.42,22644.2,11664.8,8317,6524,6195.6,5057,4926.2,4421.8,8960.4,6176.4,11491.72,12690.9,10538.56,7897.6,4779.7,4443.1,3665.9,4001.8,8028.98,8658.7,5032.3,7826.2,12977.68,18484.82,,,,,,,,,,,,,,,,,,,,,,,,,,,,
500379,南京经纶文化传媒有限公司,6520.1,9451.5,10262.1,6699.9,5656,5498.98,6043.74,4833.65,6985.78,5747.1,5140.2,5009.8,3913.11,6881.87,6674.11,4079.78,5868.21,4873.58,6251.03,5115.66,6057.84,5296.12,5026.73,5340.25,4028.62,3809.1,4726.28,5774.44,4951.6,,,,,,,,,,,,,,,,,,,,,,,,,,,,
500409,湖北世纪国华文化传播有限公司,14706.03,4744.33,6548.47,4872.96,4211.69,5822.58,6300.51,3786.82,5530.88,5769.99,5682.9,7017.26,4297.07,3570,4823.35,3672.3,10107.42,5185.77,3118.21,1766.79,2430.83,1818.22,2120.3,2813.5,2168.4,1757.68,6541.9,6087.86,4762.7,,,,,,,,,,,,,,,,,,,,,,,,,,,,
500343,山东佰鸿壹铭教育科技有限公司,6691.8,7118.78,9675.56,7291.5,10661.14,4728.33,2081.33,4196.4,8535.7,5750,5589.6,5161.4,3375.2,4812.7,4525.45,3264.3,5134.2,2497.53,1055,3875.3,6843.92,3565.2,2469.1,3036.4,3208.2,3492,3767.4,3666.5,4864.4,,,,,,,,,,,,,,,,,,,,,,,,,,,,
500370,江西铭文文化发展有限公司,769.3,2197.6,3048,1583.6,1702.34,1268,780.4,636.2,854.8,985.4,890.4,847.4,1437.2,982.2,685.3,577.2,1170.5,9504.35,2865.4,1912,4850.1,4123.04,3626.7,4918.5,3899.22,2663.1,4649.1,3510.6,2539.2,,,,,,,,,,,,,,,,,,,,,,,,,,,,
500490,《数理报》社有限公司,5013,2195.78,6042.49,5081.48,5491.48,3471.14,2778.48,2059.8,1912.9,3213.8,3952.23,4481.23,4797.6,2500.4,4814.98,3673.3,3247.98,9160.84,2973.18,1778.02,1868.9,3475.6,3190.7,2584.42,4701.36,1366.7,1246.2,2244.4,2708.5,,,,,,,,,,,,,,,,,,,,,,,,,,,,
500304,洛阳九歌文化传播有限公司,562.1,435.6,2749.7,2264.13,2521,1707.92,474.8,575.86,317.4,292.4,2688.1,2364.31,1894.33,2427.6,1075.5,668.2,3465.3,9594.32,3210.6,1377.36,877.22,896.2,715.52,9180.22,4358.02,663.7,1032.4,2588.3,2017.1,,,,,,,,,,,,,,,,,,,,,,,,,,,,
500649,梁山启智教育图书有限公司,0,0,0,0,0,0,0,0,0,0,0,0,0,0,0,0,0,328.4,602.6,2453.08,10409.2,6619.32,5178.1,6655.12,5267.5,3573,7085.4,4719,2757.2,,,,,,,,,,,,,,,,,,,,,,,,,,,,
500365,天津市恒真文化发展有限公司,5863.2,3041.86,3523.71,3288.31,4373.1,6432.87,4101.5,3462.29,3646.6,2693.1,3178.94,5297.94,3357.9,2763.53,2928.37,1623.5,2529.53,2631.45,1500,1349,1018.9,1597.7,1684.5,2539.51,2270,1337.7,1824.1,1014.6,1438.86,,,,,,,,,,,,,,,,,,,,,,,,,,,,
500526,山东先德睿图书有限公司,3257.49,1427.58,2438.2,1775,3762.2,3058.57,1374.02,1009.2,803.6,4125.73,3257.03,2314.7,875.8,936.94,1874.4,2923.42,1937.3,2588.62,1412.8,749.4,3486.39,2094.4,1407.28,1170.6,855.8,466.4,473.6,215.64,198.7,,,,,,,,,,,,,,,,,,,,,,,,,,,,
500317,湖北稳派教育科技有限公司,16032,1118,5866,5988,798.8,200,168,264,290,370,714,14244,4712,749.2,1675,7343,1030,3064,515,231,306,293,370,9613.12,5798,420,526,9080,1994,,,,,,,,,,,,,,,,,,,,,,,,,,,,
500363,合肥皖智教育科技集团有限公司,8292.8,2095.4,4011.2,4334.6,2928.6,2493.4,1677.2,4098.2,7194,5620.7,5466.6,3349.6,2251.2,1831.2,1556.7,1395.4,1197.3,1024.6,244.4,588.2,1550.2,2021.6,1775.62,1385.45,1371.6,183.3,690.8,540.1,2904.5,,,,,,,,,,,,,,,,,,,,,,,,,,,,
500327,河南清北之道教育研究院有限公司,6327.6,3146.84,2439.19,2723.9,2107.7,2172.2,1162.4,1363.3,1559.39,1154.9,1681.6,2218.32,1736.6,599.6,537.3,611.5,642.27,776.68,477.08,305.8,327.5,501.6,308.2,365.2,415.5,155.4,81.2,254.6,75,,,,,,,,,,,,,,,,,,,,,,,,,,,,
500454,湖北金色花开文化有限公司,571.2,614.6,752.7,2146.9,4761.3,3395.5,1490.3,667,1180.5,801.96,839.8,902.1,999.11,933.3,1191.5,854.3,730.1,739.33,493.28,168.6,254.3,300.8,285.4,117,187.8,153.28,191.4,196.2,156.9,,,,,,,,,,,,,,,,,,,,,,,,,,,,
500300,山东名师文化传媒有限公司,1976.81,789.11,1243.97,367.8,608.8,954,495.4,308.4,420,143.6,130,703.97,606,1826.8,1499.2,609.7,367.5,47.5,501.4,161.6,124.6,149.6,129.6,789.4,972.9,707.6,1599,554,512.2,,,,,,,,,,,,,,,,,,,,,,,,,,,,
500334,山西唐文文化发展有限公司,6,0,0,0,240.8,626.2,461.8,510,591.7,306.5,315,401.2,1352.3,1080.5,452.4,249.8,279.4,340.4,622,314.9,232.4,81.2,200.2,343.4,601.8,540.6,1073.9,634.72,659.4,,,,,,,,,,,,,,,,,,,,,,,,,,,,
500390,河北优盛文化传播有限公司,174.2,246.2,329,183,151.9,161.5,90,334,1398,2056.1,1451.8,647.4,591.72,592.1,554.4,789,727.6,622.9,189,292.4,250,188,175.8,281,384.6,252.2,207.37,49,98,,,,,,,,,,,,,,,,,,,,,,,,,,,,
500332,北京金海豚教育科技有限公司,1478.96,948.89,978.4,852.6,802.9,723.29,1559.38,817.17,753.27,661.72,820.3,308.6,434.4,412.61,436.4,222.2,428.42,357.5,368.8,246,466.07,262.76,81,509.24,155.6,135.06,211,169.43,34,,,,,,,,,,,,,,,,,,,,,,,,,,,,
800032,京版北教文化传媒股份有限公司,3667.76,2230.84,2425.95,2077,1609,2271.9,1573.25,755.9,716.7,514.3,790.4,597.6,672.61,565.17,515.1,340.7,491.1,252.3,434.9,242.28,97.6,120.7,139.6,74.4,501.4,191.67,85,57.1,705,,,,,,,,,,,,,,,,,,,,,,,,,,,,
500525,威海天梯图书有限公司,1932.71,1162.5,1095.62,847.19,836.7,1260.13,2645.46,908.46,1615.9,497.8,759.7,621.36,532.1,419.2,365.4,228.4,253,157.9,602.4,490,335,189,146.2,174.9,111.2,142.5,80,55.8,63.3,,,,,,,,,,,,,,,,,,,,,,,,,,,,
500453,福州学熙文化传媒有限公司,832.94,407.46,621.7,501,610,237,338.61,583.62,509,288.4,305,123.2,127.2,142.4,562,681,157.8,157.6,305.5,216.2,238,223.8,185.5,281.7,112,105,90.4,60.9,44,,,,,,,,,,,,,,,,,,,,,,,,,,,,
500329,河北知灼图书销售有限公司,60,22,30,29,53,23,206.91,26,4,8,23.6,4,8,24.2,27,9.2,1098.8,428.4,414,218.6,45.6,49.6,120.6,113,194.44,55,40,53.6,31.4,,,,,,,,,,,,,,,,,,,,,,,,,,,,
500360,河南智评教育科技有限公司,84.8,633.6,176,894.4,777.6,96,28.8,16,24,64,108.8,676.8,270.6,693,191.8,154.4,129.6,128,32,42,18,87,48.9,167.2,248,16,284.8,299,348.6,,,,,,,,,,,,,,,,,,,,,,,,,,,,
500451,山东滨州教与学图书有限公司,371,184,232.5,94.4,155.3,71.2,109.7,116.8,199.18,51.6,122.4,189.2,93,222.6,143.3,173,76.39,87.2,251.62,21,3.2,23,30.7,96,33,50,3.2,26,2,,,,,,,,,,,,,,,,,,,,,,,,,,,,
500417,北京组合教育科技有限公司,16,12,0,0,0,0,2,0,0,0,0,0,3,2,0,0,0,0,3,0,0,0,0,0,0,0,0,0,0,,,,,,,,,,,,,,,,,,,,,,,,,,,,
500434,山东智慧翔文化传媒有限公司,67,124,268.5,251.5,128.4,178.5,196,42.4,12,66.04,43.2,126.36,23.5,63.8,38.7,16.5,47,30.5,0,28,6,31.8,146,52.36,6,4,79,19,4,,,,,,,,,,,,,,,,,,,,,,,,,,,,
500325,广州领航教育科技有限公司,2799.32,1063,1349.4,5671.4,4466.8,4248.8,1029.8,309.2,444.4,115,106,98,112,98,275,1,80,11,0,0,0,0,0,1,0,0,0,6,0,,,,,,,,,,,,,,,,,,,,,,,,,,,,
500400,南昌博智文化传播有限公司,106.8,20,34,25,13,20,36,111,92,77,24,10,28.8,12,12,0,48,7.8,28.8,34.4,24,13,20,20,8,4,0,12,0,,,,,,,,,,,,,,,,,,,,,,,,,,,,
500628,北京引航者教育咨询有限公司,0,0,0,0,0,0,0,0,2,3.99,0,1,0,0,2,0,0,0,0,0,0,0,2.99,0,0,0,0,0,0,,,,,,,,,,,,,,,,,,,,,,,,,,,,
500441,陕西巨微图书文化传播有限公司,81.5,36.5,65.4,36.5,60,65,63.5,13,13.5,23,12.5,28,29.8,16,6.5,0,3.5,22.9,6,9,0,3.2,20.7,7,13,3,120.2,216.2,199.7,,,,,,,,,,,,,,,,,,,,,,,,,,,,
500414,河南世纪天成文化发展有限公司,21,3,33,21,16.8,14,3,6,4,9,0,0,8,8,3,6,2,8,1,0,12,0,11.5,0,0,0,2,0,32.4,,,,,,,,,,,,,,,,,,,,,,,,,,,,
500432,南京智业天成文化传播有限公司,9,0,0,4,3,0,0,14,4,17.4,14,13,4,0,24,14,0,0,0,2,0,8,0,0,0,0,0,2,2,,,,,,,,,,,,,,,,,,,,,,,,,,,,
500381,广州逆袭教育科技服务有限公司,0,4,0,23,2,10,4,4,8,2,6,0,0,5,0,4,11,0,4,6,0,0,2,4,6,0,0,0,6,,,,,,,,,,,,,,,,,,,,,,,,,,,,
500291,文科创新（北京）教育科技有限公司,4,8,8,25,6,11.2,6,13,11,2,12,14,2,3,3,2,0,2,2,0,4,0,0,0,4,0,3,6,8,,,,,,,,,,,,,,,,,,,,,,,,,,,,
500396,河北动力林图书贸易有限公司,0,0,0,6,0,0,0,0,0,0,0,0,2,4,0,2,0,2,0,0,0,0,0,0,0,0,0,0,0,,,,,,,,,,,,,,,,,,,,,,,,,,,,
500458,湖南高中生杂志社有限责任公司,0,0,0,0,0,0,0,0,0,0,0,0,0,0,0,2,0,0,0,0,0,0,0,0,0,0,0,0,0,,,,,,,,,,,,,,,,,,,,,,,,,,,,
500310,辽宁教育周报出版有限公司,0,0,0,0,0,0,0,0,9,0,0,0,0,0,6,0,0,0,0,0,0,0,0,0,0,0,10,0,0,,,,,,,,,,,,,,,,,,,,,,,,,,,,
500459,安徽优知教育咨询有限公司,0,2,0,0,0,0,0,0,0,0,0,0,0,1,0,0,0,0,3,0,0,0,0,0,0,0,0,0,0,,,,,,,,,,,,,,,,,,,,,,,,,,,,
500308,山东学智文化传媒有限公司,0,0,0,0,0,0,0,0,0,0,0,0,0,0,0,0,0,0,0,0,0,0,0,0,0,0,0,0,0,,,,,,,,,,,,,,,,,,,,,,,,,,,,
500650,陕西紫腾山文化传媒有限公司,0,0,0,0,0,0,0,0,0,0,0,0,0,0,0,0,0,0,0,0,0,0,0,0,0,0,0,0,0,,,,,,,,,,,,,,,,,,,,,,,,,,,,
500625,陕西腾跃教育科技有限公司,0,0,0,0,0,0,0,0,0,0,0,0,0,0,0,0,0,0,0,0,0,0,0,0,0,0,0,0,0,,,,,,,,,,,,,,,,,,,,,,,,,,,,
500420,天津升学易徐师教育咨询中心,0,0,0,0,0,0,0,0,0,0,0,0,0,0,0,0,0,0,0,0,0,0,0,0,0,0,0,0,0,,,,,,,,,,,,,,,,,,,,,,,,,,,,
500436,北京明师国际教育科技有限公司,9,0,0,0,0,0,0,0,0,0,0,0,0,0,0,0,0,0,0,0,0,0,0,0,0,0,0,0,0,,,,,,,,,,,,,,,,,,,,,,,,,,,,
500340,北京龙凤传承国际教育科技有限公司,0,0,0,0,0,0,0,0,0,0,0,0,0,0,0,0,0,0,0,0,0,0,0,0,0,0,0,0,0,,,,,,,,,,,,,,,,,,,,,,,,,,,,
500664,佳木斯市助力电子商务有限公司,0,0,0,0,0,0,0,0,0,0,0,0,0,0,0,0,0,0,0,0,0,0,0,0,0,0,0,0,0,,,,,,,,,,,,,,,,,,,,,,,,,,,,
500566,山东金榜苑文化传媒有限责任公司,14935.45,8698.94,12437.93,8740.92,7874.95,10390.94,10337.63,8845.46,7425.43,6466.51,6895.85,5426.76,6236.24,41549.67,41922.66,37004.17,48337.85,22567.58,22971.83,13372.09,11829.85,17387.82,17226.24,16921.14,15696.45,13061.85,17961.98,20867.78,18242.87,,,,,,,,,,,,,,,,,,,,,,,,,,,,
500553,山东中联翰元教育科技有限公司,9795.16,6786.82,8936.2,6437.3,4689.6,3718.86,4095.29,6441.72,9406.88,8005.6,8673.04,9521.6,10294.19,7255,5663.66,3116.2,2921.3,2118.46,2155.12,1243.8,3294.7,5002.58,4858.9,4229.9,2538.6,1365.1,1612.2,1071.2,1210.2,,,,,,,,,,,,,,,,,,,,,,,,,,,,
500174,山东强联文化传媒有限公司,9822.96,5877.5,18239.95,14492.58,15943.66,15031.02,17946.43,29426.23,25907.92,19262.95,18974.71,23479.55,16682.08,16108.48,13334.96,3852.32,4425.38,4570.05,3682.43,2139.7,1582.12,1607,1864.13,1831.8,1780.5,733.44,844.8,1024.5,1377.9,,,,,,,,,,,,,,,,,,,,,,,,,,,,
500489,山东本真图书有限公司,1844.2,1220.5,1960,1698.8,1988.4,1530.7,878.5,951,633.2,580,1170.68,1013.51,391.8,377,617.4,874.2,894.84,810.88,459.8,456.45,561.7,437.4,381.2,212.18,234.4,226.8,178,145.6,520.2,,,,,,,,,,,,,,,,,,,,,,,,,,,,
500253,郑州天勤图书有限责任公司,13,59.2,44,30.2,84.2,334.6,150,177,69,64.8,61.7,342.4,134.1,15,10,11.4,451.4,1086.4,364.2,246.3,202.7,559.4,1161.8,3683.42,8317.9,591.2,1205,807.8,2884,,,,,,,,,,,,,,,,,,,,,,,,,,,,
800001,新蕾出版社（天津）有限公司,96,22.6,52,102,22,30,147,72,401,109,100,310,76,187,32.2,62,56.9,23,26,70,10.5,1,54.2,10,66,12,16,75,5,,,,,,,,,,,,,,,,,,,,,,,,,,,,
500531,河北三品图书有限公司,312,302,356,343.4,176,466.3,108.6,122.1,94.2,81,118,35,32,134,76.2,52.4,43.2,22,38.2,39,41.8,12,29,30,7,8,11,23,0,,,,,,,,,,,,,,,,,,,,,,,,,,,,
500501,泽尚阳光北京教育科技有限公司,425.52,177.73,1090.8,621.8,493.8,321.8,114.6,248.2,172,36,83.4,49,63.6,15,70.4,40,11,109.6,10.8,2,42,5,0,5,3,0,7,0,0,,,,,,,,,,,,,,,,,,,,,,,,,,,,
500495,正定思立方文化传播有限公司,3,5,12,0,0,48,15,3,6,0,0,0,90,6,0,0,45,3,0,0,0,0,0,0,0,0,0,0,0,,,,,,,,,,,,,,,,,,,,,,,,,,,,
500491,北京金榜园教育科技有限公司,8,1.5,0,1.5,1.2,4,38,6.25,8.95,4.25,30.5,12,0,0,5.3,2.25,0,0,4.25,11,0.5,12.75,4.95,3.5,0,0,0,0,0,,,,,,,,,,,,,,,,,,,,,,,,,,,,
800008,浙江摄影出版社有限公司,10.2,2,4,5.2,16,0,0,4,0,0,4,4,4,2,0,0,0,4,4,0,3.6,2,4,5.2,0,0,2,2,0,,,,,,,,,,,,,,,,,,,,,,,,,,,,
500407,成都全德文化传播有限公司,18,2,9,47.6,6,20.8,0,0,2,5,73.66,4,0,4.8,4,3.2,4,3,0,0,0,0,0,0,0,0,0,0,0,,,,,,,,,,,,,,,,,,,,,,,,,,,,
500541,山东金考案教育科技有限公司,0,0,0,2,0,0,0,0,0,0,0,0,2,2,1,0,1,1,0,1,0,0,1.5,0,0,0,0,0,0,,,,,,,,,,,,,,,,,,,,,,,,,,,,
500508,济南东和文化科技有限公司,0,0,8,2,2,11,0,0,4,0,0,0,0,0,0,0,2,6,0,0,0,0,0,0,0,0,0,0,0,,,,,,,,,,,,,,,,,,,,,,,,,,,,
500251,北京京体大文化发展有限公司,0,0,0,0,0,5,0,0,10,5,0,0,0,0,0,0,6,0,0,0,0,0,0,5,0,0,0,0,0,,,,,,,,,,,,,,,,,,,,,,,,,,,,
500567,包头市绿叶风科教文化有限公司,2.5,1,6.5,1,1,0,0,0,0.5,0,2,0,0,1.6,0,0,0.5,2,0,0,0,0,1,0,0,0,0,0,0,,,,,,,,,,,,,,,,,,,,,,,,,,,,
500683,贵州用心育才教育信息咨询有限公司,0,0,0,0,0,0,0,0,0,0,0,0,0,1,0,0,0,0,0,0,0,0,0,0,0,0,0,0,0,,,,,,,,,,,,,,,,,,,,,,,,,,,,
500565,北京天才推手教育科技有限公司,5,0,0,77,0,0,0,0,7,0,7,0,0,0,0,0,0,0,0,0,0.5,0,0,0,0,0,0,0,0,,,,,,,,,,,,,,,,,,,,,,,,,,,,
500507,山东育博苑文化传媒有限公司,22589.98,14733.69,19452.89,17310.86,13568.03,9407.93,13395.1,11612.2,23704.6,18500.95,16728.1,17234.5,11489.92,11944.58,10891.9,17869.2,14325.22,12164.17,16028.46,10874.66,17414.52,13894.6,21218.83,23885.58,25000.06,18519.4,27446.98,20018.82,15051.74,,,,,,,,,,,,,,,,,,,,,,,,,,,,
500538,安徽木牍教育图书有限公司,7064.05,5956.93,9794.9,8009.2,7899.7,4761.2,7283.1,4375.19,27080,14810.11,11193.1,11125.6,6529.3,19898.3,12271.76,8399.4,9612.12,7679.65,10138.6,13420.48,12950,6869.7,6430.11,9514.92,9045.31,12155.88,13711.1,5756.8,7664.66,,,,,,,,,,,,,,,,,,,,,,,,,,,,
500572,山东金太阳教育集团有限公司,19593.8,13758.99,17808.54,11261.29,10005.91,9063.98,10730.4,10205.9,10715.24,10296.1,12165.8,11105.3,6459,7810.6,7678.42,10430.04,8945.93,7239.27,6169.98,6210,10061.76,7659.6,6246.3,7220.6,7492.8,5691.2,8204.3,4211.64,3101.03,,,,,,,,,,,,,,,,,,,,,,,,,,,,
500479,山东智乐星教育科技股份有限公司,4672.42,8289.12,13029.5,9891.24,15459.19,15341.5,2734.71,1974.6,1819.7,1882.2,2509.4,2892,4244.1,3796.21,4016.69,3708.98,8849.34,6457.53,1921.37,1038.9,1442.5,1098.2,1033.2,1678.81,1999.4,1738.98,5961.6,5265.42,4229.7,,,,,,,,,,,,,,,,,,,,,,,,,,,,
500499,湖北智慧万羽文化传媒有限公司,5176.98,3599.4,2920.68,2189.81,1701.9,5199.12,4761.12,2745.19,2371.01,2417,1929.29,2597.85,3941.1,2932.4,2130.6,5040.09,3395.66,3732.3,2861.29,1187.5,2008.42,4406.75,4201.7,4611.77,2852.76,1287.1,1702.1,996.9,4763.16,,,,,,,,,,,,,,,,,,,,,,,,,,,,
500570,山东百川数字科技有限公司,7716.45,4236.5,5460.7,3228.7,3704.3,5304.56,7996.95,3676.1,2413,1736.85,1912.7,1386.14,2445.42,2098.2,1151.6,896.3,797.5,853.3,2042.65,1001.9,705.04,419.8,650.7,270.5,414.7,395.5,398.1,114.6,197.2,,,,,,,,,,,,,,,,,,,,,,,,,,,,
500464,山东文丰苑图书有限公司,3030.46,2323.46,2979,789.6,665.4,398.6,814.8,465.4,913,1952.6,1781.6,3310.4,1396.8,1208.2,989.4,587.6,504.2,191.4,1657.4,162.6,283.8,538.8,1135.8,2384.34,832.9,659.8,888,1009.8,724,,,,,,,,,,,,,,,,,,,,,,,,,,,,
500488,山东旭阳教育科技有限公司,2153.3,1117.2,2531.95,3504.49,3248.5,1653.2,531.1,134.7,268.9,238.3,207.6,308.2,240,821.5,1101.9,1253.44,1516,573.33,225.6,181.6,149.1,370.6,363.1,182,597.4,854.4,1280.22,623,407.2,,,,,,,,,,,,,,,,,,,,,,,,,,,,
500536,太原市晋文源图书有限公司,566.4,456.2,296,588,470.5,680,38,97,69,173,143.2,312.4,452.8,325.8,244.2,239.2,63,42,17,15.8,21,15,31,35.5,64,88,91,37,52,,,,,,,,,,,,,,,,,,,,,,,,,,,,
500504,一川教育,323.7,166,332.3,508.5,431.4,525.4,194.6,130.4,192.5,326,215,213,114,176,176.4,252,203.4,154,83.5,70.4,47,30,55,56,11,4,10,13,11.4,,,,,,,,,,,,,,,,,,,,,,,,,,,,
500473,北京明信弘德文化发展有限公司,160,33.5,198.5,152.17,192,211.4,446.76,239.8,106.8,53.5,94.7,47,129.86,170.16,58.3,41.6,75,207.39,263.28,80.4,25,11.2,34,32,17,10,6,2.8,13,,,,,,,,,,,,,,,,,,,,,,,,,,,,
500534,北京时代圣哲教育科技有限公司,278.4,383.2,486.5,167.9,251.9,148.2,140.2,32.1,25.5,85.2,76,125.9,131.2,324.9,148,48.2,47.5,45.6,28.4,11.5,23,12,20,17,2,0,1062,421.7,593.9,,,,,,,,,,,,,,,,,,,,,,,,,,,,
500311,南京缘溪行文化传播有限公司,89.8,112.6,81.8,123.4,248.6,261.6,25,26.8,29.8,14,17,68,40,91.67,35,28,101.8,155,3,9,0,0,18,8,0,29,32,18,65.9,,,,,,,,,,,,,,,,,,,,,,,,,,,,
500468,广州思脉图书发行有限公司,295,35,133.2,40.2,25,46.2,167,107.8,65,10,11,40,15,41,30.8,8,55,60.8,8,12.2,4,10,21.69,55.8,0,0,0,2,0,,,,,,,,,,,,,,,,,,,,,,,,,,,,
500185,保定市三合图书销售有限公司,19.3,5,7.1,22.1,32,1,68.6,290.1,22.5,22,42.1,98,16,46,35.1,0,0,0,155.9,2,5,6,2,2,1,0,0,0,1,,,,,,,,,,,,,,,,,,,,,,,,,,,,
500469,黑龙江学与考教育信息咨询有限公司,986.8,268,874.2,123,101,10,60,64,49,94.34,225,129,4,68,26,29,52,0,6,0,0,0,0,66.8,0,10,0,0,0,,,,,,,,,,,,,,,,,,,,,,,,,,,,
500560,河北华翰书业有限公司,24,28,35,44.8,39.5,35,18.8,13,39.6,28,17,20,7,9,21.6,8,7.29,8,10.5,7,6,11.5,4.5,17.5,6,0,0.5,0,0,,,,,,,,,,,,,,,,,,,,,,,,,,,,
500512,北京阅来阅好图书有限公司,0,0,0,0,3,0,0,0,0,9,0,0,0,0,0,3,0,0,36,0,0,6,3,0,0,0,0,0,0,,,,,,,,,,,,,,,,,,,,,,,,,,,,
500558,连云港翰秦信息技术有限公司,8.8,7.1,15.2,18.6,10.7,14.8,19.6,32.5,2.8,0.8,19.6,0,8,0,15,0.8,0,6,0,0,5.6,0,0,0,0,0,3.6,0,0,,,,,,,,,,,,,,,,,,,,,,,,,,,,
500462,武汉沃德丰教育科技有限公司,5.5,2,6,5,11,7,6,0,2,4,3.5,2,1.5,0,0,7,6,3,0,0,0,7.2,0,2,2,0,0,0,0,,,,,,,,,,,,,,,,,,,,,,,,,,,,
500557,广州卓品文化传播有限公司,6,4,2,2,0,0,1,0,5.5,4.5,12,10,0,0,0,0,0,0,0,16,2,0,3.5,13.2,2,0,0,0,0,,,,,,,,,,,,,,,,,,,,,,,,,,,,
500476,晋中市乐学文化咨询有限责任公司,7,1,2,6,1,6,29,3,2,0,2,1,3,2,3,2,0,0,0,0,0,0,3.2,0,52,0,4,0,0,,,,,,,,,,,,,,,,,,,,,,,,,,,,
500511,忻州市青果教育咨询有限公司,0,1,1.5,0.5,0,0,0.5,0,0,0,0,1.5,0,1.5,1.5,0,0,0,2,4,0,0,2,0,0,0,0,0,0,,,,,,,,,,,,,,,,,,,,,,,,,,,,
500461,北京志高行远教育科技有限公司,0,0,0,0,0,8,33.2,4,2,3,1,1,3,0,4,0,1,1,0,0,0,0,0,0,0,0,0,0,0,,,,,,,,,,,,,,,,,,,,,,,,,,,,
800033,浙江大学出版社有限责任公司,25,10.8,16,4,22,21.6,3,6,0,0,0,0,4.8,0,0,0,0,0,3,0,0,0,0,0,0,0,2,0,0,,,,,,,,,,,,,,,,,,,,,,,,,,,,
500555,贵州艺和教联文化有限公司,54,9,3,0,10,6,6,17,14,3,17,2,2,0,0,0,0,0,0,2,0,0,0,0,0,0,0,0,0,,,,,,,,,,,,,,,,,,,,,,,,,,,,
500548,北京书诚汇发文化发展有限公司,0,0,0,0,1,0,2,0,2,5.8,0,0,0,0,0,2,0,0,0,1,0,0,0,0,0,0,0,0,0,,,,,,,,,,,,,,,,,,,,,,,,,,,,
500481,西安九宗数码科技有限公司,0,0,0,0,1.5,0,0,0,0,1.5,0,0,2,0,0,0,0,0,0,0,0,0,0,0,0,0,0,0,0,,,,,,,,,,,,,,,,,,,,,,,,,,,,
500470,福清智高点教育培训学校有限公司,0,0,0,0,0,0,0,0,0,0,0,0,0,0,0,0,0,2,0,0,0,0,0,0,0,0,0,0,0,,,,,,,,,,,,,,,,,,,,,,,,,,,,
500498,河北天智达图书有限公司,0,0,0,0,0,0,0,0,0,0,0,3,0,0,0,0,0,0,0,0,0,0,0,0,0,0,0,0,0,,,,,,,,,,,,,,,,,,,,,,,,,,,,
500533,《学习报》社有限责任公司,0,0,0,0,2,0,0,0,0,0,0,2,0,0,0,0,0,0,0,0,0,0,0,0,0,0,0,0,0,,,,,,,,,,,,,,,,,,,,,,,,,,,,
500510,北京历说教育科技有限公司,0,0,0,8,0,12.8,0,0,0,0,0,0,0,0,0,0,0,0,0,0,0,0,0,0,0,0,0,0,0,,,,,,,,,,,,,,,,,,,,,,,,,,,,
500493,中视天之聪教育科技（北京）有限公司,0,0,0,0,0,0,0,0,0,0,0,0,0,0,0,0,0,0,0,0,0,0,0,0,0,0,0,0,0,,,,,,,,,,,,,,,,,,,,,,,,,,,,
500551,河南开祥文化传播有限公司,0,0,0,0,0,0,0,0,0,0,0,0,0,0,0,0,0,0,0,0,0,0,0,0,0,0,0,0,0,,,,,,,,,,,,,,,,,,,,,,,,,,,,
500133,重庆亚太图书出版发行有限公司,0,0,0,0,0,0,0,0,0,0,0,0,0,0,0,0,0,0,0,0,0,0,0,0,0,0,0,0,0,,,,,,,,,,,,,,,,,,,,,,,,,,,,
519731,鑫拓（广州）科技有限公司,0,0,0,0,0,0,0,0,0,0,0,0,0,0,0,0,0,0,0,0,0,0,0,0,0,0,0,0,597.6,,,,,,,,,,,,,,,,,,,,,,,,,,,,
520221,梁山见山文化传播中心,0,0,0,0,0,0,0,0,0,0,0,0,0,0,0,0,0,0,0,0,0,0,0,0,0,0,0,3652.6,5447.2,,,,,,,,,,,,,,,,,,,,,,,,,,,,
520991,郑州载望图书有限公司,0,0,0,0,0,0,0,0,0,0,0,0,0,0,0,0,0,0,0,0,0,0,0,0,0,0,0,302.6,973,,,,,,,,,,,,,,,,,,,,,,,,,,,,
520676,广州市昭阳博悦文化传播有限公司,0,0,0,0,0,0,0,0,0,0,0,0,0,0,0,0,0,0,0,0,0,0,0,0,0,0,0,3572.8,4531.1,,,,,,,,,,,,,,,,,,,,,,,,,,,,
520482,云南自有文化传播有限公司,0,0,0,0,0,0,0,0,0,0,0,0,0,0,0,0,0,0,0,0,0,0,0,0,0,0,0,82.5,85.2,,,,,,,,,,,,,,,,,,,,,,,,,,,,
520481,武汉鑫南泓文化传媒有限公司,0,0,0,0,0,0,0,0,0,0,0,0,0,0,0,0,0,0,0,0,0,0,0,0,0,0,0,8,255,,,,,,,,,,,,,,,,,,,,,,,,,,,,
521916,淄博汇智图书有限公司,0,0,0,0,0,0,0,0,0,0,0,0,0,0,0,0,0,0,0,0,0,0,0,0,0,0,0,0,961.4,,,,,,,,,,,,,,,,,,,,,,,,,,,,
522276,北京先知时代文化中心,0,0,0,0,0,0,0,0,0,0,0,0,0,0,0,0,0,0,0,0,0,0,0,0,0,0,0,0,1250.28,,,,,,,,,,,,,,,,,,,,,,,,,,,,
